time,station,rr,tl_mittel,bewm_mittel,so_h,vv_mittel,substation
2024-01-01T00:00+00:00,1,0.0,2.2,80.0,2.7,2.1,10200
2024-01-01T00:00+00:00,105,0.4,5.8,53.0,4.0,4.5,5904
2024-01-02T00:00+00:00,1,0.1,-0.4,73.0,1.9,0.6,10200
2024-01-02T00:00+00:00,105,7.5,4.8,97.0,0.0,2.1,5904
2024-01-03T00:00+00:00,1,1.0,2.9,63.0,5.9,0.6,10200
2024-01-03T00:00+00:00,105,-1,9.3,37.0,7.6,5.9,5904
2024-01-04T00:00+00:00,1,0.4,2.6,73.0,3.2,2.6,10200
2024-01-04T00:00+00:00,105,0.0,8.8,27.0,6.3,10.2,5904
2024-01-05T00:00+00:00,1,0.0,3.1,60.0,1.2,0.6,10200
2024-01-05T00:00+00:00,105,4.5,6.5,77.0,3.1,2.1,5904
2024-01-06T00:00+00:00,1,10.7,1.2,100.0,0.0,0.6,10200
2024-01-06T00:00+00:00,105,15.9,3.9,100.0,0.0,2.6,5904
2024-01-07T00:00+00:00,1,0.1,0.4,90.0,0.0,0.6,10200
2024-01-07T00:00+00:00,105,2.7,2.2,100.0,0.0,4.5,5904
2024-01-08T00:00+00:00,1,0.0,-2.5,93.0,0.0,2.1,10200
2024-01-08T00:00+00:00,105,0.8,-3.2,100.0,0.0,5.9,5904
2024-01-09T00:00+00:00,1,-1,-5.3,83.0,0.0,0.6,10200
2024-01-09T00:00+00:00,105,-1,-6.9,10.0,5.2,2.1,5904
2024-01-10T00:00+00:00,1,-1,-3.3,20.0,6.9,2.1,10200
2024-01-10T00:00+00:00,105,-1,-4.9,0.0,7.4,2.6,5904
2024-01-11T00:00+00:00,1,0.0,-4.4,7.0,7.1,0.6,10200
2024-01-11T00:00+00:00,105,0.0,-4.0,50.0,7.5,2.1,5904
2024-01-12T00:00+00:00,1,-1,-1.2,53.0,5.4,2.1,10200
2024-01-12T00:00+00:00,105,-1,0.1,93.0,0.0,3.8,5904
2024-01-13T00:00+00:00,1,-1,-1.3,3.0,7.3,1.0,10200
2024-01-13T00:00+00:00,105,-1,-0.6,37.0,3.4,3.8,5904
2024-01-14T00:00+00:00,1,-1,-0.2,13.0,6.7,0.6,10200
2024-01-14T00:00+00:00,105,-1,0.3,67.0,7.7,6.7,5904
2024-01-15T00:00+00:00,1,0.1,-1.8,70.0,5.2,2.1,10200
2024-01-15T00:00+00:00,105,-1,0.9,50.0,3.6,6.7,5904
2024-01-16T00:00+00:00,1,-1,-0.8,40.0,7.3,2.6,10200
2024-01-16T00:00+00:00,105,0.0,1.9,60.0,4.9,4.5,5904
2024-01-17T00:00+00:00,1,3.5,-5.1,77.0,1.7,1.0,10200
2024-01-17T00:00+00:00,105,2.0,-1.3,93.0,0.0,2.6,5904
2024-01-18T00:00+00:00,1,2.7,-0.1,100.0,0.3,0.6,10200
2024-01-18T00:00+00:00,105,3.6,4.5,80.0,1.4,1.5,5904
2024-01-19T00:00+00:00,1,0.6,-0.9,100.0,0.0,1.5,10200
2024-01-19T00:00+00:00,105,-1,4.7,50.0,0.3,5.9,5904
2024-01-20T00:00+00:00,1,-1,-5.3,0.0,7.8,0.6,10200
2024-01-20T00:00+00:00,105,-1,1.0,0.0,8.4,5.2,5904
2024-01-21T00:00+00:00,1,-1,-6.9,27.0,7.0,0.6,10200
2024-01-21T00:00+00:00,105,-1,-0.9,40.0,7.7,1.5,5904
2024-01-22T00:00+00:00,1,3.9,-5.6,87.0,3.1,0.2,10200
2024-01-22T00:00+00:00,105,2.4,-0.8,63.0,4.6,2.6,5904
2024-01-23T00:00+00:00,1,3.5,1.1,77.0,1.2,1.5,10200
2024-01-23T00:00+00:00,105,4.3,3.7,57.0,4.4,3.8,5904
2024-01-24T00:00+00:00,1,5.4,7.3,93.0,2.2,3.2,10200
2024-01-24T00:00+00:00,105,1.3,9.1,90.0,1.8,5.2,5904
2024-01-25T00:00+00:00,1,1.7,5.3,50.0,6.2,1.5,10200
2024-01-25T00:00+00:00,105,-1,10.1,57.0,3.2,7.5,5904
2024-01-26T00:00+00:00,1,8.7,5.0,100.0,0.1,1.0,10200
2024-01-26T00:00+00:00,105,3.2,6.5,83.0,0.0,2.6,5904
2024-01-27T00:00+00:00,1,-1,4.4,17.0,8.0,2.6,10200
2024-01-27T00:00+00:00,105,-1,7.8,40.0,8.4,6.7,5904
2024-01-28T00:00+00:00,1,-1,1.8,10.0,8.2,1.0,10200
2024-01-28T00:00+00:00,105,-1,4.0,27.0,8.7,2.1,5904
2024-01-29T00:00+00:00,1,-1,0.2,3.0,8.3,0.6,10200
2024-01-29T00:00+00:00,105,-1,2.7,3.0,8.5,2.1,5904
2024-01-30T00:00+00:00,1,-1,0.4,3.0,8.3,0.6,10200
2024-01-30T00:00+00:00,105,-1,3.4,23.0,8.4,2.6,5904
2024-01-31T00:00+00:00,1,-1,1.4,47.0,4.9,1.0,10200
2024-01-31T00:00+00:00,105,0.0,1.0,80.0,3.1,1.5,5904
2024-02-01T00:00+00:00,1,0.4,2.5,77.0,0.5,1.0,10200
2024-02-01T00:00+00:00,105,4.3,4.9,77.0,0.3,3.2,5904
2024-02-02T00:00+00:00,1,0.0,4.8,73.0,1.1,1.5,10200
2024-02-02T00:00+00:00,105,0.1,7.3,93.0,3.0,5.9,5904
2024-02-03T00:00+00:00,1,0.5,9.0,33.0,7.6,3.8,10200
2024-02-03T00:00+00:00,105,1.4,9.5,63.0,7.8,6.7,5904
2024-02-04T00:00+00:00,1,0.9,9.0,47.0,4.3,3.2,10200
2024-02-04T00:00+00:00,105,2.3,9.4,77.0,2.1,9.2,5904
2024-02-05T00:00+00:00,1,-1,11.9,30.0,5.6,3.8,10200
2024-02-05T00:00+00:00,105,-1,12.1,50.0,5.4,7.5,5904
2024-02-06T00:00+00:00,1,-1,8.4,30.0,6.1,1.5,10200
2024-02-06T00:00+00:00,105,-1,11.6,50.0,3.1,8.4,5904
2024-02-07T00:00+00:00,1,-1,5.6,20.0,4.9,0.6,10200
2024-02-07T00:00+00:00,105,1.7,11.3,70.0,1.5,6.7,5904
2024-02-08T00:00+00:00,1,0.0,7.7,50.0,5.0,1.5,10200
2024-02-08T00:00+00:00,105,0.4,11.2,83.0,0.4,3.8,5904
2024-02-09T00:00+00:00,1,0.0,6.1,97.0,0.1,1.0,10200
2024-02-09T00:00+00:00,105,0.0,9.3,93.0,0.2,1.5,5904
2024-02-10T00:00+00:00,1,1.0,7.1,53.0,2.7,1.5,10200
2024-02-10T00:00+00:00,105,0.0,9.8,73.0,4.2,2.6,5904
2024-02-11T00:00+00:00,1,5.5,6.4,83.0,0.0,1.0,10200
2024-02-11T00:00+00:00,105,0.7,11.1,100.0,0.0,5.9,5904
2024-02-12T00:00+00:00,1,6.0,5.2,53.0,3.2,2.1,10200
2024-02-12T00:00+00:00,105,0.0,10.9,87.0,5.8,4.5,5904
2024-02-13T00:00+00:00,1,0.4,3.8,50.0,2.5,2.1,10200
2024-02-13T00:00+00:00,105,0.0,9.2,67.0,4.8,5.2,5904
2024-02-14T00:00+00:00,1,0.0,4.1,27.0,7.1,0.6,10200
2024-02-14T00:00+00:00,105,0.0,7.3,70.0,4.8,2.1,5904
2024-02-15T00:00+00:00,1,-1,7.5,30.0,3.5,1.0,10200
2024-02-15T00:00+00:00,105,0.6,11.1,67.0,3.6,2.1,5904
2024-02-16T00:00+00:00,1,-1,5.5,40.0,9.0,1.5,10200
2024-02-16T00:00+00:00,105,-1,9.3,7.0,9.5,3.8,5904
2024-02-17T00:00+00:00,1,0.5,4.7,73.0,0.0,1.5,10200
2024-02-17T00:00+00:00,105,1.4,8.1,70.0,0.1,2.6,5904
2024-02-18T00:00+00:00,1,0.0,6.5,47.0,7.3,1.5,10200
2024-02-18T00:00+00:00,105,1.2,8.7,33.0,8.0,2.6,5904
2024-02-19T00:00+00:00,1,0.6,4.4,80.0,0.4,1.0,10200
2024-02-19T00:00+00:00,105,1.1,8.0,97.0,1.2,5.9,5904
2024-02-20T00:00+00:00,1,0.4,4.9,77.0,2.8,1.5,10200
2024-02-20T00:00+00:00,105,0.5,10.1,73.0,3.1,5.2,5904
2024-02-21T00:00+00:00,1,-1,6.6,50.0,4.6,1.0,10200
2024-02-21T00:00+00:00,105,-1,10.2,67.0,2.6,3.8,5904
2024-02-22T00:00+00:00,1,6.8,3.6,70.0,0.1,0.6,10200
2024-02-22T00:00+00:00,105,1.7,7.4,100.0,0.8,1.5,5904
2024-02-23T00:00+00:00,1,18.7,4.8,93.0,0.0,1.0,10200
2024-02-23T00:00+00:00,105,3.0,8.8,100.0,0.0,4.5,5904
2024-02-24T00:00+00:00,1,-1,3.1,80.0,0.4,1.0,10200
2024-02-24T00:00+00:00,105,-1,7.1,100.0,3.2,2.1,5904
2024-02-25T00:00+00:00,1,-1,4.2,50.0,3.9,1.0,10200
2024-02-25T00:00+00:00,105,-1,7.2,57.0,3.4,2.1,5904
2024-02-26T00:00+00:00,1,-1,3.4,47.0,3.7,1.0,10200
2024-02-26T00:00+00:00,105,-1,8.9,83.0,6.9,3.8,5904
2024-02-27T00:00+00:00,1,0.0,4.1,60.0,2.0,1.5,10200
2024-02-27T00:00+00:00,105,0.0,9.3,83.0,4.0,3.2,5904
2024-02-28T00:00+00:00,1,-1,8.3,57.0,6.0,0.6,10200
2024-02-28T00:00+00:00,105,-1,9.9,77.0,3.2,2.1,5904
2024-02-29T00:00+00:00,1,-1,9.2,50.0,2.7,1.0,10200
2024-02-29T00:00+00:00,105,-1,10.6,67.0,5.8,2.6,5904
2024-03-01T00:00+00:00,1,2.2,7.2,73.0,0.0,1.5,10200
2024-03-01T00:00+00:00,105,0.0,10.8,100.0,0.0,3.2,5904
2024-03-02T00:00+00:00,1,0.5,6.6,77.0,1.1,1.0,10200
2024-03-02T00:00+00:00,105,-1,8.2,100.0,0.0,2.1,5904
2024-03-03T00:00+00:00,1,-1.0,8.3,23.0,9.1,2.1,10200
2024-03-03T00:00+00:00,105,-1,12.7,53.0,8.6,3.2,5904
2024-03-04T00:00+00:00,1,-1.0,7.0,17.0,8.1,1.0,10200
2024-03-04T00:00+00:00,105,-1,10.7,17.0,10.1,3.2,5904
2024-03-05T00:00+00:00,1,-1.0,4.8,37.0,2.1,1.5,10200
2024-03-05T00:00+00:00,105,-1,11.2,73.0,1.9,3.2,5904
2024-03-06T00:00+00:00,1,0.0,4.2,83.0,0.3,2.1,10200
2024-03-06T00:00+00:00,105,0.2,8.0,73.0,6.1,3.8,5904
2024-03-07T00:00+00:00,1,0.6,3.0,83.0,0.6,1.0,10200
2024-03-07T00:00+00:00,105,0.6,6.5,93.0,0.6,4.5,5904
2024-03-08T00:00+00:00,1,0.2,1.1,93.0,0.7,1.0,10200
2024-03-08T00:00+00:00,105,-1,4.6,80.0,0.2,3.2,5904
2024-03-09T00:00+00:00,1,-1.0,2.8,90.0,0.0,1.5,10200
2024-03-09T00:00+00:00,105,-1,8.4,90.0,0.8,5.2,5904
2024-03-10T00:00+00:00,1,-1.0,5.9,97.0,0.2,1.0,10200
2024-03-10T00:00+00:00,105,-1,12.1,70.0,3.5,5.9,5904
2024-03-11T00:00+00:00,1,5.3,6.5,93.0,0.5,1.5,10200
2024-03-11T00:00+00:00,105,38.8,11.6,97.0,0.6,1.0,5904
2024-03-12T00:00+00:00,1,-1.0,5.9,67.0,1.1,2.1,10200
2024-03-12T00:00+00:00,105,7.9,8.0,100.0,0.0,8.4,5904
2024-03-13T00:00+00:00,1,-1.0,6.8,43.0,7.2,1.5,10200
2024-03-13T00:00+00:00,105,-1,11.1,73.0,5.6,4.5,5904
2024-03-14T00:00+00:00,1,0.2,7.9,53.0,3.8,1.5,10200
2024-03-14T00:00+00:00,105,-1,10.7,57.0,5.5,1.5,5904
2024-03-15T00:00+00:00,1,1.3,8.6,73.0,6.7,1.5,10200
2024-03-15T00:00+00:00,105,-1,10.9,50.0,8.1,2.1,5904
2024-03-16T00:00+00:00,1,4.3,9.5,57.0,3.1,2.1,10200
2024-03-16T00:00+00:00,105,0.0,14.2,80.0,6.0,5.9,5904
2024-03-17T00:00+00:00,1,0.0,9.0,47.0,7.1,2.6,10200
2024-03-17T00:00+00:00,105,0.0,9.8,50.0,6.5,3.2,5904
2024-03-18T00:00+00:00,1,0.0,7.6,67.0,2.0,1.5,10200
2024-03-18T00:00+00:00,105,-1,7.4,87.0,10.4,2.1,5904
2024-03-19T00:00+00:00,1,-1.0,7.3,50.0,3.1,1.0,10200
2024-03-19T00:00+00:00,105,-1,4.7,7.0,11.2,2.1,5904
2024-03-20T00:00+00:00,1,-1.0,6.1,17.0,10.7,1.5,10200
2024-03-20T00:00+00:00,105,-1,6.4,33.0,10.3,2.1,5904
2024-03-21T00:00+00:00,1,0.9,4.8,90.0,0.0,1.0,10200
2024-03-21T00:00+00:00,105,0.0,10.1,83.0,6.0,1.5,5904
2024-03-22T00:00+00:00,1,-1.0,10.0,43.0,2.6,0.6,10200
2024-03-22T00:00+00:00,105,-1,14.1,90.0,1.0,3.8,5904
2024-03-23T00:00+00:00,1,0.8,10.7,77.0,4.7,1.5,10200
2024-03-23T00:00+00:00,105,1.5,15.5,93.0,3.7,4.5,5904
2024-03-24T00:00+00:00,1,0.9,4.4,63.0,4.1,2.1,10200
2024-03-24T00:00+00:00,105,0.1,8.3,60.0,8.8,5.9,5904
2024-03-25T00:00+00:00,1,-1.0,4.5,37.0,9.1,1.5,10200
2024-03-25T00:00+00:00,105,0.0,8.8,50.0,5.5,4.5,5904
2024-03-26T00:00+00:00,1,-1.0,4.1,20.0,8.0,1.5,10200
2024-03-26T00:00+00:00,105,-1,9.7,77.0,9.1,5.9,5904
2024-03-27T00:00+00:00,1,5.8,9.5,77.0,2.0,1.5,10200
2024-03-27T00:00+00:00,105,1.2,13.4,93.0,6.4,5.9,5904
2024-03-28T00:00+00:00,1,1.0,7.7,67.0,5.3,1.5,10200
2024-03-28T00:00+00:00,105,0.1,13.5,83.0,5.4,5.9,5904
2024-03-29T00:00+00:00,1,-1.0,7.4,20.0,8.7,2.6,10200
2024-03-29T00:00+00:00,105,-1,14.1,63.0,9.9,3.2,5904
2024-03-30T00:00+00:00,1,-1.0,12.4,60.0,6.2,2.1,10200
2024-03-30T00:00+00:00,105,-1,16.9,70.0,1.9,3.2,5904
2024-03-31T00:00+00:00,1,0.2,11.5,37.0,2.9,2.1,10200
2024-03-31T00:00+00:00,105,-1,17.9,77.0,3.3,3.8,5904
2024-04-01T00:00+00:00,1,9.0,14.1,47.0,6.8,3.8,10200
2024-04-01T00:00+00:00,105,10.9,20.2,97.0,3.8,7.5,5904
2024-04-02T00:00+00:00,1,0.3,7.7,50.0,4.2,2.1,10200
2024-04-02T00:00+00:00,105,0.5,12.5,43.0,7.2,5.2,5904
2024-04-03T00:00+00:00,1,4.6,6.1,67.0,5.3,2.1,10200
2024-04-03T00:00+00:00,105,0.3,12.5,70.0,6.5,2.6,5904
2024-04-04T00:00+00:00,1,1.1,11.8,70.0,6.4,1.5,10200
2024-04-04T00:00+00:00,105,1.9,15.3,87.0,5.1,4.5,5904
2024-04-05T00:00+00:00,1,-1.0,13.3,33.0,7.8,1.5,10200
2024-04-05T00:00+00:00,105,0.0,16.4,83.0,7.5,2.6,5904
2024-04-06T00:00+00:00,1,-1.0,16.0,23.0,10.3,1.0,10200
2024-04-06T00:00+00:00,105,-1,20.2,60.0,8.9,1.0,5904
2024-04-07T00:00+00:00,1,-1.0,16.0,13.0,11.2,1.5,10200
2024-04-07T00:00+00:00,105,-1,19.0,63.0,11.6,2.6,5904
2024-04-08T00:00+00:00,1,-1.0,16.9,23.0,9.0,1.0,10200
2024-04-08T00:00+00:00,105,-1,20.5,87.0,9.0,3.8,5904
2024-04-09T00:00+00:00,1,-1.0,16.3,67.0,5.8,1.5,10200
2024-04-09T00:00+00:00,105,-1,18.7,77.0,8.4,2.6,5904
2024-04-10T00:00+00:00,1,-1.0,12.7,80.0,0.8,2.1,10200
2024-04-10T00:00+00:00,105,-1,15.1,100.0,0.0,4.5,5904
2024-04-11T00:00+00:00,1,-1.0,11.3,3.0,10.4,1.0,10200
2024-04-11T00:00+00:00,105,-1,14.8,63.0,11.9,3.8,5904
2024-04-12T00:00+00:00,1,-1.0,13.7,3.0,11.1,0.6,10200
2024-04-12T00:00+00:00,105,-1,16.9,40.0,11.4,2.6,5904
2024-04-13T00:00+00:00,1,-1.0,14.7,3.0,11.6,1.0,10200
2024-04-13T00:00+00:00,105,-1,20.4,60.0,11.8,3.8,5904
2024-04-14T00:00+00:00,1,-1.0,16.4,3.0,12.0,2.1,10200
2024-04-14T00:00+00:00,105,-1,19.2,90.0,8.4,2.6,5904
2024-04-15T00:00+00:00,1,40.9,15.1,80.0,0.7,1.5,10200
2024-04-15T00:00+00:00,105,13.0,17.8,100.0,1.9,2.6,5904
2024-04-16T00:00+00:00,1,1.4,6.4,93.0,0.0,1.5,10200
2024-04-16T00:00+00:00,105,0.2,10.1,100.0,0.0,3.2,5904
2024-04-17T00:00+00:00,1,1.4,4.0,90.0,1.4,1.0,10200
2024-04-17T00:00+00:00,105,0.7,8.8,67.0,3.9,4.5,5904
2024-04-18T00:00+00:00,1,2.2,3.6,80.0,1.4,1.5,10200
2024-04-18T00:00+00:00,105,0.0,7.6,80.0,8.2,4.5,5904
2024-04-19T00:00+00:00,1,0.3,4.2,47.0,2.6,1.5,10200
2024-04-19T00:00+00:00,105,4.7,7.6,80.0,7.1,5.2,5904
2024-04-20T00:00+00:00,1,1.5,4.0,73.0,2.0,3.2,10200
2024-04-20T00:00+00:00,105,7.9,8.5,97.0,2.7,5.2,5904
2024-04-21T00:00+00:00,1,0.0,3.7,60.0,3.4,1.5,10200
2024-04-21T00:00+00:00,105,-1,6.6,37.0,10.7,4.5,5904
2024-04-22T00:00+00:00,1,3.4,2.2,60.0,7.8,2.1,10200
2024-04-22T00:00+00:00,105,3.8,6.6,90.0,1.4,2.6,5904
2024-04-23T00:00+00:00,1,2.7,2.2,97.0,0.0,1.0,10200
2024-04-23T00:00+00:00,105,1.8,4.9,100.0,0.3,2.6,5904
2024-04-24T00:00+00:00,1,0.0,3.5,80.0,0.3,2.1,10200
2024-04-24T00:00+00:00,105,3.0,6.8,100.0,0.2,4.5,5904
2024-04-25T00:00+00:00,1,0.0,3.8,63.0,1.2,1.5,10200
2024-04-25T00:00+00:00,105,0.0,9.2,77.0,9.9,2.6,5904
2024-04-26T00:00+00:00,1,-1.0,6.1,73.0,6.7,1.5,10200
2024-04-26T00:00+00:00,105,-1,9.2,23.0,11.8,3.2,5904
2024-04-27T00:00+00:00,1,-1.0,7.7,13.0,10.6,1.5,10200
2024-04-27T00:00+00:00,105,-1,12.7,10.0,13.6,3.8,5904
2024-04-28T00:00+00:00,1,-1.0,11.7,63.0,9.6,1.5,10200
2024-04-28T00:00+00:00,105,-1,16.3,83.0,11.7,3.8,5904
2024-04-29T00:00+00:00,1,-1.0,13.6,3.0,12.1,2.1,10200
2024-04-29T00:00+00:00,105,-1,18.1,73.0,13.2,3.8,5904
2024-04-30T00:00+00:00,1,-1.0,13.8,33.0,12.0,1.5,10200
2024-04-30T00:00+00:00,105,0.0,17.8,10.0,13.5,4.5,5904
2024-05-01T00:00+00:00,1,1.7,12.7,87.0,0.6,1.0,10200
2024-05-01T00:00+00:00,105,0.0,17.5,83.0,6.9,5.2,5904
2024-05-02T00:00+00:00,1,0.6,14.0,77.0,2.8,2.1,10200
2024-05-02T00:00+00:00,105,1.9,18.3,70.0,5.7,5.2,5904
2024-05-03T00:00+00:00,1,4.0,9.0,90.0,0.0,1.5,10200
2024-05-03T00:00+00:00,105,2.6,15.7,97.0,0.1,3.8,5904
2024-05-04T00:00+00:00,1,-1.0,12.3,87.0,6.9,0.6,10200
2024-05-04T00:00+00:00,105,-1,16.9,93.0,12.8,3.2,5904
2024-05-05T00:00+00:00,1,-1.0,13.1,70.0,7.5,2.1,10200
2024-05-05T00:00+00:00,105,0.0,17.9,53.0,12.7,2.6,5904
2024-05-06T00:00+00:00,1,0.4,14.4,27.0,6.8,1.5,10200
2024-05-06T00:00+00:00,105,36.4,18.8,70.0,8.8,2.6,5904
2024-05-07T00:00+00:00,1,10.6,13.5,83.0,0.1,2.1,10200
2024-05-07T00:00+00:00,105,0.3,15.4,90.0,0.4,3.2,5904
2024-05-08T00:00+00:00,1,0.1,12.1,80.0,0.1,2.6,10200
2024-05-08T00:00+00:00,105,1.2,14.8,87.0,0.6,3.2,5904
2024-05-09T00:00+00:00,1,-1.0,11.1,23.0,10.9,1.5,10200
2024-05-09T00:00+00:00,105,-1,16.1,50.0,12.7,3.8,5904
2024-05-10T00:00+00:00,1,-1.0,11.3,13.0,9.3,1.5,10200
2024-05-10T00:00+00:00,105,-1,14.9,53.0,11.8,2.1,5904
2024-05-11T00:00+00:00,1,-1.0,12.3,37.0,9.0,2.1,10200
2024-05-11T00:00+00:00,105,0.8,16.9,63.0,12.1,3.2,5904
2024-05-12T00:00+00:00,1,0.4,12.9,53.0,7.0,2.1,10200
2024-05-12T00:00+00:00,105,-1,17.8,43.0,11.5,2.1,5904
2024-05-13T00:00+00:00,1,23.2,12.7,80.0,1.1,1.5,10200
2024-05-13T00:00+00:00,105,-1,15.7,47.0,11.9,5.2,5904
2024-05-14T00:00+00:00,1,0.2,11.8,90.0,0.1,2.1,10200
2024-05-14T00:00+00:00,105,-1,16.7,13.0,13.7,3.2,5904
2024-05-15T00:00+00:00,1,8.5,10.9,83.0,5.6,1.5,10200
2024-05-15T00:00+00:00,105,-1,16.8,40.0,13.4,4.5,5904
2024-05-16T00:00+00:00,1,14.4,12.0,87.0,0.0,1.5,10200
2024-05-16T00:00+00:00,105,10.8,16.5,90.0,0.8,3.8,5904
2024-05-17T00:00+00:00,1,6.8,12.5,100.0,1.9,1.5,10200
2024-05-17T00:00+00:00,105,5.1,14.7,100.0,0.0,3.8,5904
2024-05-18T00:00+00:00,1,1.8,13.7,67.0,4.7,1.0,10200
2024-05-18T00:00+00:00,105,-1,16.2,83.0,4.0,3.2,5904
2024-05-19T00:00+00:00,1,10.1,14.7,60.0,5.7,1.5,10200
2024-05-19T00:00+00:00,105,0.4,18.6,40.0,12.0,1.5,5904
2024-05-20T00:00+00:00,1,7.1,15.1,63.0,4.3,1.0,10200
2024-05-20T00:00+00:00,105,2.1,19.7,70.0,9.1,2.1,5904
2024-05-21T00:00+00:00,1,46.7,14.1,100.0,0.1,1.5,10200
2024-05-21T00:00+00:00,105,1.7,19.0,100.0,0.6,4.5,5904
2024-05-22T00:00+00:00,1,-1.0,14.2,60.0,2.9,1.5,10200
2024-05-22T00:00+00:00,105,0.0,18.8,67.0,6.1,4.5,5904
2024-05-23T00:00+00:00,1,11.8,14.4,57.0,5.7,1.0,10200
2024-05-23T00:00+00:00,105,0.1,19.9,90.0,10.8,3.2,5904
2024-05-24T00:00+00:00,1,0.0,14.8,77.0,5.6,1.0,10200
2024-05-24T00:00+00:00,105,3.9,18.7,80.0,2.3,2.1,5904
2024-05-25T00:00+00:00,1,12.5,13.9,73.0,4.4,1.5,10200
2024-05-25T00:00+00:00,105,6.1,16.4,83.0,3.7,2.6,5904
2024-05-26T00:00+00:00,1,7.9,13.4,70.0,1.7,2.1,10200
2024-05-26T00:00+00:00,105,0.5,18.9,80.0,5.2,2.6,5904
2024-05-27T00:00+00:00,1,-1.0,15.7,57.0,6.6,1.5,10200
2024-05-27T00:00+00:00,105,-1,19.1,57.0,8.1,3.8,5904
2024-05-28T00:00+00:00,1,6.7,11.9,90.0,0.0,1.5,10200
2024-05-28T00:00+00:00,105,-1,17.7,73.0,10.0,3.8,5904
2024-05-29T00:00+00:00,1,-1.0,14.6,30.0,9.6,1.5,10200
2024-05-29T00:00+00:00,105,-1,18.3,60.0,13.3,3.2,5904
2024-05-30T00:00+00:00,1,5.8,13.2,47.0,5.8,1.5,10200
2024-05-30T00:00+00:00,105,0.6,18.5,73.0,9.0,1.5,5904
2024-05-31T00:00+00:00,1,19.8,12.1,90.0,0.2,1.5,10200
2024-05-31T00:00+00:00,105,34.6,16.3,97.0,0.3,1.5,5904
2024-06-01T00:00+00:00,1,7.4,12.4,80.0,1.7,1.0,10200
2024-06-01T00:00+00:00,105,0.6,15.7,60.0,4.8,3.8,5904
2024-06-02T00:00+00:00,1,4.8,15.0,67.0,4.5,1.0,10200
2024-06-02T00:00+00:00,105,-1,18.5,80.0,8.4,5.9,5904
2024-06-03T00:00+00:00,1,29.8,13.8,100.0,1.9,1.5,10200
2024-06-03T00:00+00:00,105,42.8,19.3,77.0,4.6,2.1,5904
2024-06-04T00:00+00:00,1,0.0,15.7,73.0,4.3,1.5,10200
2024-06-04T00:00+00:00,105,-1,17.5,77.0,3.3,3.2,5904
2024-06-05T00:00+00:00,1,8.2,17.6,77.0,7.5,2.1,10200
2024-06-05T00:00+00:00,105,0.3,19.2,13.0,13.1,2.1,5904
2024-06-06T00:00+00:00,1,7.3,18.7,80.0,3.3,1.0,10200
2024-06-06T00:00+00:00,105,11.4,22.3,80.0,7.8,2.1,5904
2024-06-07T00:00+00:00,1,12.6,18.1,77.0,4.5,1.0,10200
2024-06-07T00:00+00:00,105,-1,22.0,70.0,11.4,2.6,5904
2024-06-08T00:00+00:00,1,14.1,19.0,90.0,4.3,1.0,10200
2024-06-08T00:00+00:00,105,0.0,22.2,57.0,11.5,3.2,5904
2024-06-09T00:00+00:00,1,4.2,17.9,97.0,2.9,1.0,10200
2024-06-09T00:00+00:00,105,3.7,22.1,87.0,3.9,2.6,5904
2024-06-10T00:00+00:00,1,24.0,15.8,83.0,0.0,1.0,10200
2024-06-10T00:00+00:00,105,3.7,19.2,93.0,0.6,3.2,5904
2024-06-11T00:00+00:00,1,9.8,13.3,90.0,0.1,1.0,10200
2024-06-11T00:00+00:00,105,1.0,18.9,90.0,4.5,5.9,5904
2024-06-12T00:00+00:00,1,1.6,9.8,100.0,0.0,1.0,10200
2024-06-12T00:00+00:00,105,0.0,14.5,93.0,0.3,3.2,5904
2024-06-13T00:00+00:00,1,1.8,11.4,67.0,2.0,0.6,10200
2024-06-13T00:00+00:00,105,0.0,16.4,93.0,4.4,2.6,5904
2024-06-14T00:00+00:00,1,-1.0,12.1,63.0,3.8,1.5,10200
2024-06-14T00:00+00:00,105,-1,16.3,83.0,9.7,2.1,5904
2024-06-15T00:00+00:00,1,8.6,15.6,90.0,4.3,1.0,10200
2024-06-15T00:00+00:00,105,6.1,19.8,53.0,10.8,3.2,5904
2024-06-16T00:00+00:00,1,0.0,15.2,80.0,2.2,1.5,10200
2024-06-16T00:00+00:00,105,-1,19.5,63.0,6.0,2.6,5904
2024-06-17T00:00+00:00,1,-1.0,17.9,57.0,8.4,2.1,10200
2024-06-17T00:00+00:00,105,-1,21.4,60.0,13.3,2.6,5904
2024-06-18T00:00+00:00,1,-1.0,20.7,17.0,11.9,2.1,10200
2024-06-18T00:00+00:00,105,-1,25.0,67.0,12.9,3.2,5904
2024-06-19T00:00+00:00,1,-1.0,22.1,43.0,11.3,1.5,10200
2024-06-19T00:00+00:00,105,-1,25.8,60.0,13.2,2.6,5904
2024-06-20T00:00+00:00,1,2.2,20.8,53.0,6.4,2.1,10200
2024-06-20T00:00+00:00,105,0.0,24.1,97.0,6.5,2.1,5904
2024-06-21T00:00+00:00,1,7.4,22.7,57.0,3.1,2.1,10200
2024-06-21T00:00+00:00,105,2.0,24.6,63.0,10.5,2.1,5904
2024-06-22T00:00+00:00,1,-1.0,19.2,57.0,2.6,1.0,10200
2024-06-22T00:00+00:00,105,8.1,22.2,70.0,6.0,3.8,5904
2024-06-23T00:00+00:00,1,-1.0,18.0,53.0,7.1,1.5,10200
2024-06-23T00:00+00:00,105,-1,22.1,40.0,12.5,3.8,5904
2024-06-24T00:00+00:00,1,-1.0,18.2,30.0,10.1,2.1,10200
2024-06-24T00:00+00:00,105,-1,21.9,17.0,13.7,3.8,5904
2024-06-25T00:00+00:00,1,0.9,18.0,43.0,6.6,1.0,10200
2024-06-25T00:00+00:00,105,0.0,21.4,23.0,14.2,3.8,5904
2024-06-26T00:00+00:00,1,0.3,19.1,40.0,3.5,0.6,10200
2024-06-26T00:00+00:00,105,-1,24.1,63.0,6.4,3.8,5904
2024-06-27T00:00+00:00,1,1.7,19.5,37.0,2.1,1.0,10200
2024-06-27T00:00+00:00,105,0.0,23.9,87.0,6.8,1.0,5904
2024-06-28T00:00+00:00,1,0.0,20.9,23.0,6.0,1.0,10200
2024-06-28T00:00+00:00,105,0.0,24.8,57.0,9.6,2.6,5904
2024-06-29T00:00+00:00,1,-1.0,21.8,27.0,12.1,1.5,10200
2024-06-29T00:00+00:00,105,-1,26.2,40.0,13.2,3.2,5904
2024-06-30T00:00+00:00,1,1.5,23.7,47.0,10.5,1.5,10200
2024-06-30T00:00+00:00,105,0.6,29.3,83.0,6.2,3.8,5904
2024-07-01T00:00+00:00,1,3.2,20.0,83.0,0.6,1.0,10200
2024-07-01T00:00+00:00,105,1.8,21.9,93.0,2.2,4.5,5904
2024-07-02T00:00+00:00,1,0.0,14.6,67.0,0.7,1.5,10200
2024-07-02T00:00+00:00,105,-1.0,20.3,73.0,7.8,5.9,5904
2024-07-03T00:00+00:00,1,0.8,15.2,67.0,1.4,1.5,10200
2024-07-03T00:00+00:00,105,0.4,20.1,80.0,2.3,2.6,5904
2024-07-04T00:00+00:00,1,0.8,15.8,53.0,5.2,2.1,10200
2024-07-04T00:00+00:00,105,0.0,19.9,53.0,9.7,5.2,5904
2024-07-05T00:00+00:00,1,-1.0,18.1,40.0,7.0,1.0,10200
2024-07-05T00:00+00:00,105,0.0,23.0,63.0,13.9,3.8,5904
2024-07-06T00:00+00:00,1,3.3,19.8,20.0,7.3,2.1,10200
2024-07-06T00:00+00:00,105,-1.0,25.1,70.0,8.2,5.2,5904
2024-07-07T00:00+00:00,1,15.6,19.3,93.0,0.1,1.0,10200
2024-07-07T00:00+00:00,105,2.3,24.4,87.0,1.4,3.2,5904
2024-07-08T00:00+00:00,1,1.1,20.5,40.0,3.6,2.1,10200
2024-07-08T00:00+00:00,105,-1.0,22.8,63.0,5.5,2.6,5904
2024-07-09T00:00+00:00,1,-1.0,22.7,23.0,10.2,2.1,10200
2024-07-09T00:00+00:00,105,-1.0,26.5,60.0,9.1,2.6,5904
2024-07-10T00:00+00:00,1,22.0,23.9,3.0,11.0,2.1,10200
2024-07-10T00:00+00:00,105,1.4,28.2,47.0,10.2,3.2,5904
2024-07-11T00:00+00:00,1,24.7,21.8,67.0,4.0,1.0,10200
2024-07-11T00:00+00:00,105,0.0,26.4,37.0,9.8,1.5,5904
2024-07-12T00:00+00:00,1,14.8,22.3,70.0,4.8,1.0,10200
2024-07-12T00:00+00:00,105,12.2,26.4,80.0,6.4,2.1,5904
2024-07-13T00:00+00:00,1,-1.0,20.2,63.0,5.1,1.5,10200
2024-07-13T00:00+00:00,105,0.0,23.7,73.0,8.0,2.1,5904
2024-07-14T00:00+00:00,1,24.5,21.7,57.0,7.8,1.5,10200
2024-07-14T00:00+00:00,105,-1.0,25.0,53.0,11.1,2.1,5904
2024-07-15T00:00+00:00,1,-1.0,22.7,40.0,9.8,2.1,10200
2024-07-15T00:00+00:00,105,-1.0,27.5,40.0,11.4,1.5,5904
2024-07-16T00:00+00:00,1,99.6,21.9,37.0,9.6,2.1,10200
2024-07-16T00:00+00:00,105,0.1,26.9,50.0,12.1,5.9,5904
2024-07-17T00:00+00:00,1,1.4,20.0,77.0,3.3,2.6,10200
2024-07-17T00:00+00:00,105,-1.0,25.2,63.0,10.1,5.2,5904
2024-07-18T00:00+00:00,1,0.1,20.8,33.0,7.1,1.0,10200
2024-07-18T00:00+00:00,105,-1.0,25.6,60.0,11.2,2.6,5904
2024-07-19T00:00+00:00,1,8.2,21.0,70.0,5.0,0.6,10200
2024-07-19T00:00+00:00,105,-1.0,25.4,40.0,11.3,2.6,5904
2024-07-20T00:00+00:00,1,1.5,18.9,80.0,0.0,1.0,10200
2024-07-20T00:00+00:00,105,0.0,24.4,97.0,0.0,2.1,5904
2024-07-21T00:00+00:00,1,-1.0,20.6,,9.3,1.5,10200
2024-07-21T00:00+00:00,105,-1.0,24.8,10.0,13.3,1.5,5904
2024-07-22T00:00+00:00,1,1.9,19.7,,3.0,1.0,10200
2024-07-22T00:00+00:00,105,0.0,23.6,77.0,5.9,6.7,5904
2024-07-23T00:00+00:00,1,0.4,19.9,,6.1,1.0,10200
2024-07-23T00:00+00:00,105,0.0,25.5,87.0,5.9,3.8,5904
2024-07-24T00:00+00:00,1,-1.0,17.9,47.0,4.2,1.5,10200
2024-07-24T00:00+00:00,105,0.6,23.6,50.0,6.4,5.2,5904
2024-07-25T00:00+00:00,1,-1.0,18.0,20.0,6.8,1.0,10200
2024-07-25T00:00+00:00,105,-1.0,22.4,80.0,7.7,3.2,5904
2024-07-26T00:00+00:00,1,-1.0,18.8,3.0,11.9,1.5,10200
2024-07-26T00:00+00:00,105,-1.0,22.4,70.0,13.4,2.1,5904
2024-07-27T00:00+00:00,1,-1.0,22.1,3.0,11.4,1.5,10200
2024-07-27T00:00+00:00,105,0.0,26.0,37.0,13.2,2.6,5904
2024-07-28T00:00+00:00,1,-1.0,21.9,17.0,4.2,2.6,10200
2024-07-28T00:00+00:00,105,0.0,26.5,87.0,3.6,3.2,5904
2024-07-29T00:00+00:00,1,-1.0,17.2,0.0,12.8,2.1,10200
2024-07-29T00:00+00:00,105,-1.0,22.7,23.0,12.3,2.6,5904
2024-07-30T00:00+00:00,1,-1.0,18.8,10.0,12.8,1.5,10200
2024-07-30T00:00+00:00,105,-1.0,21.7,7.0,14.3,1.5,5904
2024-07-31T00:00+00:00,1,-1.0,21.7,13.0,12.4,1.5,10200
2024-07-31T00:00+00:00,105,-1.0,24.2,20.0,13.7,2.1,5904
2024-08-01T00:00+00:00,1,69.5,22.6,73.0,6.3,1.0,10200
2024-08-01T00:00+00:00,105,0.1,26.5,80.0,4.9,2.1,5904
2024-08-02T00:00+00:00,1,0.4,20.2,67.0,2.8,2.1,10200
2024-08-02T00:00+00:00,105,0.3,26.1,90.0,5.8,5.2,5904
2024-08-03T00:00+00:00,1,-1.0,18.4,40.0,8.4,0.6,10200
2024-08-03T00:00+00:00,105,0.0,22.9,33.0,9.0,4.5,5904
2024-08-04T00:00+00:00,1,0.8,17.8,53.0,3.8,2.1,10200
2024-08-04T00:00+00:00,105,2.1,21.8,83.0,2.7,2.6,5904
2024-08-05T00:00+00:00,1,0.1,17.7,57.0,1.6,1.5,10200
2024-08-05T00:00+00:00,105,10.5,20.5,80.0,0.4,2.6,5904
2024-08-06T00:00+00:00,1,-1.0,19.9,13.0,8.9,2.1,10200
2024-08-06T00:00+00:00,105,-1.0,19.7,3.0,14.0,1.5,5904
2024-08-07T00:00+00:00,1,15.9,20.9,47.0,6.3,1.0,10200
2024-08-07T00:00+00:00,105,0.1,23.1,53.0,11.3,1.5,5904
2024-08-08T00:00+00:00,1,2.5,20.2,50.0,4.8,1.0,10200
2024-08-08T00:00+00:00,105,0.0,27.1,83.0,5.4,3.2,5904
2024-08-09T00:00+00:00,1,-1.0,20.1,37.0,9.5,2.1,10200
2024-08-09T00:00+00:00,105,-1.0,23.9,67.0,9.6,2.6,5904
2024-08-10T00:00+00:00,1,-1.0,21.9,20.0,7.0,2.1,10200
2024-08-10T00:00+00:00,105,-1.0,25.6,57.0,8.4,3.2,5904
2024-08-11T00:00+00:00,1,-1.0,22.6,10.0,12.1,1.5,10200
2024-08-11T00:00+00:00,105,-1.0,26.6,7.0,13.7,2.1,5904
2024-08-12T00:00+00:00,1,-1.0,23.9,10.0,9.7,1.0,10200
2024-08-12T00:00+00:00,105,6.1,27.2,47.0,10.3,2.1,5904
2024-08-13T00:00+00:00,1,6.8,23.7,50.0,6.4,1.0,10200
2024-08-13T00:00+00:00,105,-1.0,27.9,53.0,9.4,1.5,5904
2024-08-14T00:00+00:00,1,-1.0,22.8,60.0,5.8,1.0,10200
2024-08-14T00:00+00:00,105,0.0,27.3,47.0,9.1,2.1,5904
2024-08-15T00:00+00:00,1,-1.0,21.6,37.0,7.8,1.0,10200
2024-08-15T00:00+00:00,105,0.0,27.7,30.0,12.2,3.2,5904
2024-08-16T00:00+00:00,1,13.6,23.0,33.0,8.3,1.0,10200
2024-08-16T00:00+00:00,105,0.1,28.0,60.0,11.1,2.1,5904
2024-08-17T00:00+00:00,1,14.1,22.6,70.0,5.0,1.0,10200
2024-08-17T00:00+00:00,105,113.9,26.3,77.0,7.3,2.1,5904
2024-08-18T00:00+00:00,1,5.1,21.7,70.0,4.0,1.0,10200
2024-08-18T00:00+00:00,105,-1.0,25.1,67.0,4.9,3.8,5904
2024-08-19T00:00+00:00,1,0.4,19.3,63.0,2.0,1.5,10200
2024-08-19T00:00+00:00,105,-1.0,22.8,80.0,9.5,5.2,5904
2024-08-20T00:00+00:00,1,2.2,19.9,43.0,5.0,1.0,10200
2024-08-20T00:00+00:00,105,-1.0,23.8,80.0,5.8,2.6,5904
2024-08-21T00:00+00:00,1,0.1,19.1,43.0,1.4,1.0,10200
2024-08-21T00:00+00:00,105,0.4,23.0,83.0,1.7,5.9,5904
2024-08-22T00:00+00:00,1,-1.0,17.2,47.0,5.7,1.5,10200
2024-08-22T00:00+00:00,105,-1.0,20.0,83.0,6.1,2.1,5904
2024-08-23T00:00+00:00,1,-1.0,20.6,30.0,8.4,1.5,10200
2024-08-23T00:00+00:00,105,-1.0,22.1,50.0,12.9,1.5,5904
2024-08-24T00:00+00:00,1,-1.0,21.7,13.0,10.8,1.5,10200
2024-08-24T00:00+00:00,105,-1.0,24.8,23.0,12.3,2.6,5904
2024-08-25T00:00+00:00,1,22.7,20.9,50.0,7.8,2.1,10200
2024-08-25T00:00+00:00,105,-1.0,25.7,50.0,11.9,4.5,5904
2024-08-26T00:00+00:00,1,0.5,19.4,50.0,6.2,1.5,10200
2024-08-26T00:00+00:00,105,-1.0,22.4,77.0,10.3,3.8,5904
2024-08-27T00:00+00:00,1,-1.0,19.7,,8.3,0.6,10200
2024-08-27T00:00+00:00,105,-1.0,23.3,67.0,7.2,3.2,5904
2024-08-28T00:00+00:00,1,-1.0,21.1,43.0,7.9,1.0,10200
2024-08-28T00:00+00:00,105,-1.0,25.2,60.0,10.8,2.1,5904
2024-08-29T00:00+00:00,1,4.3,21.3,70.0,6.3,0.6,10200
2024-08-29T00:00+00:00,105,-1.0,26.2,37.0,11.9,2.1,5904
2024-08-30T00:00+00:00,1,-1.0,21.8,33.0,6.9,1.0,10200
2024-08-30T00:00+00:00,105,-1.0,27.0,47.0,10.5,0.6,5904
2024-08-31T00:00+00:00,1,0.1,21.1,70.0,10.1,1.0,10200
2024-08-31T00:00+00:00,105,-1.0,26.7,40.0,11.3,2.1,5904
2024-09-01T00:00+00:00,1,-1.0,20.5,57.0,8.0,1.0,10200
2024-09-01T00:00+00:00,105,-1.0,25.3,53.0,11.0,1.5,5904
2024-09-02T00:00+00:00,1,-1.0,21.1,20.0,9.6,1.5,10200
2024-09-02T00:00+00:00,105,0.0,25.3,63.0,8.3,2.1,5904
2024-09-03T00:00+00:00,1,-1.0,20.4,13.0,10.4,1.5,10200
2024-09-03T00:00+00:00,105,-1.0,25.6,20.0,11.8,2.6,5904
2024-09-04T00:00+00:00,1,-1.0,19.8,40.0,9.1,1.0,10200
2024-09-04T00:00+00:00,105,-1.0,25.7,37.0,10.9,2.6,5904
2024-09-05T00:00+00:00,1,-1.0,19.0,37.0,5.9,1.0,10200
2024-09-05T00:00+00:00,105,-1.0,25.4,40.0,10.0,3.8,5904
2024-09-06T00:00+00:00,1,0.8,17.5,67.0,2.4,0.6,10200
2024-09-06T00:00+00:00,105,-1.0,22.7,83.0,6.0,3.2,5904
2024-09-07T00:00+00:00,1,-1.0,18.1,47.0,7.0,1.5,10200
2024-09-07T00:00+00:00,105,-1.0,23.5,17.0,11.4,3.8,5904
2024-09-08T00:00+00:00,1,14.6,18.9,80.0,6.4,1.5,10200
2024-09-08T00:00+00:00,105,7.0,24.8,57.0,9.6,3.8,5904
2024-09-09T00:00+00:00,1,38.2,16.8,100.0,0.0,1.5,10200
2024-09-09T00:00+00:00,105,12.4,21.0,100.0,0.0,3.2,5904
2024-09-10T00:00+00:00,1,0.9,14.0,67.0,0.6,1.5,10200
2024-09-10T00:00+00:00,105,0.4,19.3,30.0,8.2,5.2,5904
2024-09-11T00:00+00:00,1,13.9,13.6,60.0,6.9,1.5,10200
2024-09-11T00:00+00:00,105,5.5,19.3,63.0,9.0,3.2,5904
2024-09-12T00:00+00:00,1,16.5,10.1,100.0,0.0,0.6,10200
2024-09-12T00:00+00:00,105,22.4,13.9,100.0,0.0,5.9,5904
2024-09-13T00:00+00:00,1,3.5,5.5,100.0,0.0,1.5,10200
2024-09-13T00:00+00:00,105,40.3,7.7,100.0,0.0,9.2,5904
2024-09-14T00:00+00:00,1,63.8,6.3,100.0,0.0,4.5,10200
2024-09-14T00:00+00:00,105,101.6,8.0,100.0,0.0,12.1,5904
2024-09-15T00:00+00:00,1,20.3,6.2,100.0,0.3,3.2,10200
2024-09-15T00:00+00:00,105,23.5,9.3,100.0,0.0,10.2,5904
2024-09-16T00:00+00:00,1,5.9,8.3,93.0,0.0,1.0,10200
2024-09-16T00:00+00:00,105,14.6,10.7,100.0,0.0,5.9,5904
2024-09-17T00:00+00:00,1,0.6,10.9,70.0,5.7,2.1,10200
2024-09-17T00:00+00:00,105,-1.0,13.6,63.0,6.8,2.6,5904
2024-09-18T00:00+00:00,1,1.6,11.4,53.0,0.1,1.0,10200
2024-09-18T00:00+00:00,105,9.9,19.3,53.0,9.4,2.1,5904
2024-09-19T00:00+00:00,1,-1.0,12.2,73.0,3.4,1.0,10200
2024-09-19T00:00+00:00,105,-1.0,17.7,13.0,10.3,2.6,5904
2024-09-20T00:00+00:00,1,1.3,12.9,40.0,7.9,1.5,10200
2024-09-20T00:00+00:00,105,-1.0,17.3,27.0,9.2,2.1,5904
2024-09-21T00:00+00:00,1,-1.0,14.0,60.0,4.7,1.5,10200
2024-09-21T00:00+00:00,105,-1.0,16.2,7.0,11.3,2.1,5904
2024-09-22T00:00+00:00,1,-1.0,13.7,43.0,6.4,1.5,10200
2024-09-22T00:00+00:00,105,-1.0,17.1,37.0,11.2,3.8,5904
2024-09-23T00:00+00:00,1,1.2,13.2,17.0,8.1,2.1,10200
2024-09-23T00:00+00:00,105,-1.0,17.2,33.0,10.3,2.6,5904
2024-09-24T00:00+00:00,1,6.4,11.9,93.0,0.1,0.6,10200
2024-09-24T00:00+00:00,105,2.2,16.9,93.0,0.1,1.0,5904
2024-09-25T00:00+00:00,1,0.1,13.7,50.0,2.2,1.0,10200
2024-09-25T00:00+00:00,105,-1.0,17.6,77.0,6.5,2.6,5904
2024-09-26T00:00+00:00,1,6.3,14.9,60.0,5.2,1.5,10200
2024-09-26T00:00+00:00,105,0.5,18.4,73.0,3.7,2.1,5904
2024-09-27T00:00+00:00,1,12.3,14.3,97.0,0.0,0.6,10200
2024-09-27T00:00+00:00,105,2.1,18.2,97.0,0.0,2.1,5904
2024-09-28T00:00+00:00,1,3.1,9.7,73.0,0.2,1.0,10200
2024-09-28T00:00+00:00,105,-1.0,15.2,67.0,2.0,5.2,5904
2024-09-29T00:00+00:00,1,-1.0,7.7,53.0,6.1,2.1,10200
2024-09-29T00:00+00:00,105,-1.0,11.8,40.0,6.7,4.5,5904
2024-09-30T00:00+00:00,1,0.6,6.7,37.0,6.6,1.0,10200
2024-09-30T00:00+00:00,105,-1.0,10.3,57.0,9.0,1.5,5904
2024-10-01T00:00+00:00,1,0.5,10.6,87.0,2.1,1.5,10200
2024-10-01T00:00+00:00,105,0.3,12.1,77.0,2.9,1.5,5904
2024-10-02T00:00+00:00,1,11.8,9.7,90.0,0.0,1.0,10200
2024-10-02T00:00+00:00,105,4.0,12.2,100.0,0.0,2.6,5904
2024-10-03T00:00+00:00,1,11.2,6.8,83.0,0.0,1.0,10200
2024-10-03T00:00+00:00,105,15.3,12.1,93.0,0.2,3.8,5904
2024-10-04T00:00+00:00,1,0.7,7.5,93.0,0.0,1.5,10200
2024-10-04T00:00+00:00,105,6.0,10.6,100.0,0.0,4.5,5904
2024-10-05T00:00+00:00,1,-1.0,6.5,,1.7,0.6,10200
2024-10-05T00:00+00:00,105,0.0,11.5,97.0,0.0,3.2,5904
2024-10-06T00:00+00:00,1,-1.0,8.6,53.0,4.0,1.0,10200
2024-10-06T00:00+00:00,105,-1.0,12.3,50.0,4.7,2.1,5904
2024-10-07T00:00+00:00,1,-1.0,11.0,40.0,6.5,1.0,10200
2024-10-07T00:00+00:00,105,-1.0,10.5,37.0,6.5,1.5,5904
2024-10-08T00:00+00:00,1,17.8,13.1,73.0,5.7,1.0,10200
2024-10-08T00:00+00:00,105,3.4,16.7,87.0,4.9,4.5,5904
2024-10-09T00:00+00:00,1,-1.0,13.6,53.0,2.7,1.5,10200
2024-10-09T00:00+00:00,105,0.1,17.2,67.0,3.0,3.8,5904
2024-10-10T00:00+00:00,1,25.9,11.6,80.0,1.3,0.6,10200
2024-10-10T00:00+00:00,105,9.6,15.4,93.0,2.5,4.5,5904
2024-10-11T00:00+00:00,1,0.0,10.9,60.0,4.0,1.5,10200
2024-10-11T00:00+00:00,105,1.0,14.5,73.0,3.2,4.5,5904
2024-10-12T00:00+00:00,1,-1.0,5.7,80.0,3.3,1.0,10200
2024-10-12T00:00+00:00,105,-1.0,10.4,43.0,8.4,2.6,5904
2024-10-13T00:00+00:00,1,1.7,10.7,67.0,1.7,1.5,10200
2024-10-13T00:00+00:00,105,0.8,12.0,80.0,0.2,4.5,5904
2024-10-14T00:00+00:00,1,3.5,8.4,23.0,6.3,1.0,10200
2024-10-14T00:00+00:00,105,1.2,11.2,67.0,6.3,2.1,5904
2024-10-15T00:00+00:00,1,0.1,12.4,80.0,4.5,2.1,10200
2024-10-15T00:00+00:00,105,-1.0,12.0,70.0,6.1,3.2,5904
2024-10-16T00:00+00:00,1,0.4,9.6,87.0,0.0,2.1,10200
2024-10-16T00:00+00:00,105,-1.0,10.1,70.0,8.4,5.9,5904
2024-10-17T00:00+00:00,1,-1.0,8.9,27.0,0.0,2.6,10200
2024-10-17T00:00+00:00,105,-1.0,11.9,93.0,0.5,6.7,5904
2024-10-18T00:00+00:00,1,0.0,10.5,100.0,0.0,2.1,10200
2024-10-18T00:00+00:00,105,-1.0,13.5,83.0,7.9,5.9,5904
2024-10-19T00:00+00:00,1,-1.0,10.8,100.0,0.0,1.0,10200
2024-10-19T00:00+00:00,105,-1.0,13.4,80.0,4.8,3.2,5904
2024-10-20T00:00+00:00,1,-1.0,11.6,53.0,4.7,2.1,10200
2024-10-20T00:00+00:00,105,-1.0,11.9,73.0,9.6,4.5,5904
2024-10-21T00:00+00:00,1,-1.0,12.7,47.0,4.7,1.0,10200
2024-10-21T00:00+00:00,105,-1.0,11.3,27.0,9.4,2.1,5904
2024-10-22T00:00+00:00,1,2.7,14.9,60.0,6.0,0.6,10200
2024-10-22T00:00+00:00,105,1.5,10.1,27.0,3.9,1.0,5904
2024-10-23T00:00+00:00,1,1.7,13.2,100.0,0.4,1.0,10200
2024-10-23T00:00+00:00,105,0.3,11.5,97.0,0.0,1.5,5904
2024-10-24T00:00+00:00,1,0.1,,87.0,0.0,1.5,10200
2024-10-24T00:00+00:00,105,-1.0,12.4,77.0,4.5,2.6,5904
2024-10-25T00:00+00:00,1,-1.0,11.1,83.0,0.0,2.6,10200
2024-10-25T00:00+00:00,105,0.1,14.9,73.0,3.3,3.2,5904
2024-10-26T00:00+00:00,1,-1.0,12.5,40.0,5.8,1.0,10200
2024-10-26T00:00+00:00,105,0.4,12.9,100.0,0.0,2.1,5904
2024-10-27T00:00+00:00,1,-1.0,12.6,47.0,4.5,1.0,10200
2024-10-27T00:00+00:00,105,0.1,13.1,53.0,2.3,1.5,5904
2024-10-28T00:00+00:00,1,-1.0,10.6,40.0,5.4,0.6,10200
2024-10-28T00:00+00:00,105,-1.0,14.2,43.0,5.0,2.1,5904
2024-10-29T00:00+00:00,1,-1.0,11.1,47.0,3.7,1.0,10200
2024-10-29T00:00+00:00,105,-1.0,12.6,33.0,7.5,1.0,5904
2024-10-30T00:00+00:00,1,-1.0,12.2,43.0,4.5,1.0,10200
2024-10-30T00:00+00:00,105,-1.0,14.7,37.0,8.1,2.1,5904
2024-10-31T00:00+00:00,1,-1.0,8.8,63.0,3.2,1.0,10200
2024-10-31T00:00+00:00,105,-1.0,13.1,83.0,2.3,1.5,5904
2024-11-01T00:00+00:00,1,-1.0,9.7,50.0,4.4,0.6,10200
2024-11-01T00:00+00:00,105,-1.0,12.4,33.0,7.2,0.6,5904
2024-11-02T00:00+00:00,1,-1.0,8.1,53.0,6.5,1.0,10200
2024-11-02T00:00+00:00,105,0.0,11.0,93.0,0.5,3.2,5904
2024-11-03T00:00+00:00,1,-1.0,8.2,47.0,5.0,1.0,10200
2024-11-03T00:00+00:00,105,-1.0,6.6,73.0,7.7,1.0,5904
2024-11-04T00:00+00:00,1,-1.0,6.4,53.0,3.8,1.0,10200
2024-11-04T00:00+00:00,105,-1.0,5.9,20.0,9.1,2.6,5904
2024-11-05T00:00+00:00,1,-1.0,3.7,50.0,2.3,1.0,10200
2024-11-05T00:00+00:00,105,-1.0,6.7,60.0,7.8,2.6,5904
2024-11-06T00:00+00:00,1,-1.0,4.6,43.0,3.5,1.0,10200
2024-11-06T00:00+00:00,105,-1.0,5.6,100.0,2.3,0.6,5904
2024-11-07T00:00+00:00,1,-1.0,3.9,73.0,2.5,1.0,10200
2024-11-07T00:00+00:00,105,-1.0,6.4,63.0,5.5,2.1,5904
2024-11-08T00:00+00:00,1,-1.0,4.6,70.0,3.1,1.5,10200
2024-11-08T00:00+00:00,105,-1.0,6.3,43.0,7.5,2.6,5904
2024-11-09T00:00+00:00,1,-1.0,2.6,77.0,3.2,1.5,10200
2024-11-09T00:00+00:00,105,-1.0,6.4,23.0,8.2,2.6,5904
2024-11-10T00:00+00:00,1,-1.0,1.1,93.0,2.8,1.0,10200
2024-11-10T00:00+00:00,105,0.0,2.2,77.0,0.0,1.0,5904
2024-11-11T00:00+00:00,1,-1.0,0.6,73.0,3.0,1.0,10200
2024-11-11T00:00+00:00,105,0.0,2.5,100.0,0.0,1.0,5904
2024-11-12T00:00+00:00,1,-1.0,0.7,63.0,3.5,0.6,10200
2024-11-12T00:00+00:00,105,0.0,3.0,100.0,0.0,2.6,5904
2024-11-13T00:00+00:00,1,-1.0,-0.6,90.0,0.9,1.0,10200
2024-11-13T00:00+00:00,105,0.0,2.5,100.0,0.0,3.2,5904
2024-11-14T00:00+00:00,1,-1.0,1.4,23.0,5.8,1.5,10200
2024-11-14T00:00+00:00,105,0.5,5.0,87.0,3.9,4.5,5904
2024-11-15T00:00+00:00,1,-1.0,2.5,27.0,5.4,1.0,10200
2024-11-15T00:00+00:00,105,0.2,7.4,93.0,0.5,4.5,5904
2024-11-16T00:00+00:00,1,-1.0,1.5,3.0,7.9,0.6,10200
2024-11-16T00:00+00:00,105,-1.0,5.9,10.0,8.1,1.5,5904
2024-11-17T00:00+00:00,1,-1.0,1.2,0.0,8.1,0.2,10200
2024-11-17T00:00+00:00,105,0.5,3.8,50.0,5.8,3.8,5904
2024-11-18T00:00+00:00,1,-1.0,4.1,37.0,3.5,0.2,10200
2024-11-18T00:00+00:00,105,5.0,7.6,83.0,2.2,3.8,5904
2024-11-19T00:00+00:00,1,0.1,1.6,83.0,0.2,1.0,10200
2024-11-19T00:00+00:00,105,0.5,5.5,83.0,0.0,2.6,5904
2024-11-20T00:00+00:00,1,0.0,2.1,63.0,0.5,2.6,10200
2024-11-20T00:00+00:00,105,0.5,5.1,87.0,0.3,5.2,5904
2024-11-21T00:00+00:00,1,1.1,-0.6,70.0,4.2,3.2,10200
2024-11-21T00:00+00:00,105,0.0,3.2,73.0,4.7,5.2,5904
2024-11-22T00:00+00:00,1,1.4,-1.0,97.0,0.2,2.6,10200
2024-11-22T00:00+00:00,105,0.0,2.8,87.0,0.1,5.9,5904
2024-11-23T00:00+00:00,1,0.0,0.5,53.0,6.8,1.0,10200
2024-11-23T00:00+00:00,105,-1.0,4.2,60.0,7.4,4.5,5904
2024-11-24T00:00+00:00,1,-1.0,1.1,50.0,3.5,1.0,10200
2024-11-24T00:00+00:00,105,0.0,2.5,60.0,0.9,2.1,5904
2024-11-25T00:00+00:00,1,-1.0,1.6,13.0,7.7,0.2,10200
2024-11-25T00:00+00:00,105,-1.0,4.3,17.0,2.5,2.6,5904
2024-11-26T00:00+00:00,1,-1.0,2.8,60.0,1.8,0.6,10200
2024-11-26T00:00+00:00,105,0.0,7.0,87.0,0.7,4.5,5904
2024-11-27T00:00+00:00,1,-1.0,2.1,80.0,0.0,0.0,10200
2024-11-27T00:00+00:00,105,0.6,5.8,60.0,0.0,1.0,5904
2024-11-28T00:00+00:00,1,0.0,3.4,100.0,0.1,1.0,10200
2024-11-28T00:00+00:00,105,1.1,4.8,67.0,0.0,5.9,5904
2024-11-29T00:00+00:00,1,0.6,2.8,90.0,0.0,1.0,10200
2024-11-29T00:00+00:00,105,1.7,6.2,97.0,0.0,7.5,5904
2024-11-30T00:00+00:00,1,-1.0,1.8,30.0,5.2,0.6,10200
2024-11-30T00:00+00:00,105,-1.0,4.0,67.0,0.0,3.2,5904
2024-12-01T00:00+00:00,1,-1.0,-1.1,23.0,4.6,0.2,10200
2024-12-01T00:00+00:00,105,-1.0,2.4,7.0,7.5,1.0,5904
2024-12-02T00:00+00:00,1,-1.0,0.4,,3.6,0.2,10200
2024-12-02T00:00+00:00,105,-1.0,1.9,37.0,2.5,1.5,5904
2024-12-03T00:00+00:00,1,-1.0,-0.1,60.0,0.9,0.6,10200
2024-12-03T00:00+00:00,105,0.2,1.3,100.0,0.0,1.5,5904
2024-12-04T00:00+00:00,1,-1.0,1.5,63.0,0.7,0.6,10200
2024-12-04T00:00+00:00,105,-1.0,4.3,73.0,1.4,2.6,5904
2024-12-05T00:00+00:00,1,-1.0,-0.8,23.0,6.8,0.2,10200
2024-12-05T00:00+00:00,105,-1.0,2.9,7.0,7.8,2.6,5904
2024-12-06T00:00+00:00,1,15.0,-2.2,90.0,0.0,0.6,10200
2024-12-06T00:00+00:00,105,6.2,2.5,87.0,0.1,2.6,5904
2024-12-07T00:00+00:00,1,3.9,1.3,100.0,4.3,1.0,10200
2024-12-07T00:00+00:00,105,0.0,6.5,73.0,3.9,4.5,5904
2024-12-08T00:00+00:00,1,0.0,0.7,100.0,0.4,1.0,10200
2024-12-08T00:00+00:00,105,0.0,3.7,97.0,0.0,3.2,5904
2024-12-09T00:00+00:00,1,0.0,-0.1,93.0,0.0,0.6,10200
2024-12-09T00:00+00:00,105,3.0,2.6,100.0,0.0,3.2,5904
2024-12-10T00:00+00:00,1,0.0,0.7,87.0,0.0,0.2,10200
2024-12-10T00:00+00:00,105,0.2,3.2,100.0,0.0,2.6,5904
2024-12-11T00:00+00:00,1,-1.0,0.7,70.0,1.5,1.5,10200
2024-12-11T00:00+00:00,105,0.3,2.0,100.0,0.0,3.8,5904
2024-12-12T00:00+00:00,1,-1.0,-2.2,53.0,4.9,0.2,10200
2024-12-12T00:00+00:00,105,-1.0,3.0,93.0,3.6,2.1,5904
2024-12-13T00:00+00:00,1,-1.0,-3.8,73.0,0.0,1.5,10200
2024-12-13T00:00+00:00,105,-1.0,1.5,100.0,0.0,3.8,5904
2024-12-14T00:00+00:00,1,0.0,-1.8,60.0,2.2,0.6,10200
2024-12-14T00:00+00:00,105,0.0,2.9,83.0,1.3,3.8,5904
2024-12-15T00:00+00:00,1,1.2,2.3,73.0,0.2,3.2,10200
2024-12-15T00:00+00:00,105,0.3,5.0,93.0,0.4,5.2,5904
2024-12-16T00:00+00:00,1,0.4,6.7,67.0,0.4,2.6,10200
2024-12-16T00:00+00:00,105,0.1,8.0,67.0,2.6,10.2,5904
2024-12-17T00:00+00:00,1,0.3,7.8,53.0,3.9,2.6,10200
2024-12-17T00:00+00:00,105,0.3,9.9,80.0,1.5,5.2,5904
2024-12-18T00:00+00:00,1,-1.0,2.8,77.0,4.2,0.2,10200
2024-12-18T00:00+00:00,105,0.0,6.1,70.0,1.7,1.0,5904
2024-12-19T00:00+00:00,1,2.5,0.9,60.0,2.6,0.2,10200
2024-12-19T00:00+00:00,105,9.9,5.0,97.0,0.0,2.1,5904
2024-12-20T00:00+00:00,1,0.3,2.3,83.0,0.0,1.0,10200
2024-12-20T00:00+00:00,105,-1.0,5.8,90.0,0.3,5.9,5904
2024-12-21T00:00+00:00,1,-1.0,1.2,40.0,7.0,2.1,10200
2024-12-21T00:00+00:00,105,0.1,4.2,7.0,7.6,3.8,5904
2024-12-22T00:00+00:00,1,5.0,-2.1,73.0,0.0,0.6,10200
2024-12-22T00:00+00:00,105,1.5,3.6,100.0,0.0,2.1,5904
2024-12-23T00:00+00:00,1,0.8,-1.0,80.0,0.0,1.5,10200
2024-12-23T00:00+00:00,105,0.1,4.2,90.0,0.0,5.2,5904
2024-12-24T00:00+00:00,1,0.0,1.1,57.0,1.5,1.0,10200
2024-12-24T00:00+00:00,105,0.2,4.3,97.0,1.4,6.7,5904
2024-12-25T00:00+00:00,1,-1.0,-0.2,20.0,7.1,0.6,10200
2024-12-25T00:00+00:00,105,-1.0,3.5,57.0,1.0,3.2,5904
2024-12-26T00:00+00:00,1,-1.0,-3.5,30.0,7.1,0.6,10200
2024-12-26T00:00+00:00,105,-1.0,1.5,13.0,7.8,2.1,5904
2024-12-27T00:00+00:00,1,-1.0,-3.4,7.0,7.1,0.6,10200
2024-12-27T00:00+00:00,105,-1.0,1.0,17.0,7.8,1.0,5904
2024-12-28T00:00+00:00,1,-1.0,-1.2,10.0,7.1,0.2,10200
2024-12-28T00:00+00:00,105,-1.0,3.4,7.0,7.4,1.5,5904
2024-12-29T00:00+00:00,1,-1.0,-1.7,17.0,7.1,0.6,10200
2024-12-29T00:00+00:00,105,-1.0,2.3,3.0,7.8,1.0,5904
2024-12-30T00:00+00:00,1,-1.0,-2.3,13.0,7.1,0.2,10200
2024-12-30T00:00+00:00,105,0.0,2.7,10.0,7.7,1.5,5904
2024-12-31T00:00+00:00,1,-1.0,-2.7,7.0,7.2,0.2,10200
2024-12-31T00:00+00:00,105,0.0,-2.0,100.0,0.0,2.1,5904
