time,station,rr,tl,p,so_h,ff,substation
2024-05-01T00:00+00:00,1,0.0,12.3,928.8,0.0,1.0,10200
2024-05-01T00:00+00:00,105,0.0,15.9,992.9,0.0,3.9,5904
2024-05-01T01:00+00:00,1,0.0,10.9,928.4,0.0,0.5,10200
2024-05-01T01:00+00:00,105,0.0,15.2,992.8,0.0,4.3,5904
2024-05-01T02:00+00:00,1,0.0,8.5,927.7,0.0,0.7,10200
2024-05-01T02:00+00:00,105,0.0,14.5,992.3,0.0,3.9,5904
2024-05-01T03:00+00:00,1,0.0,8.4,927.0,0.0,0.0,10200
2024-05-01T03:00+00:00,105,0.0,13.9,992.1,0.0,3.8,5904
2024-05-01T04:00+00:00,1,0.0,8.0,926.8,0.0,0.4,10200
2024-05-01T04:00+00:00,105,0.0,13.5,992.1,0.0,3.3,5904
2024-05-01T05:00+00:00,1,0.0,8.9,926.8,0.0,0.1,10200
2024-05-01T05:00+00:00,105,0.0,14.1,992.2,1.0,3.4,5904
2024-05-01T06:00+00:00,1,0.0,10.4,926.6,0.0,0.1,10200
2024-05-01T06:00+00:00,105,0.0,15.0,991.8,0.2,4.1,5904
2024-05-01T07:00+00:00,1,0.0,11.1,926.3,0.0,1.3,10200
2024-05-01T07:00+00:00,105,0.0,15.7,991.5,0.0,6.3,5904
2024-05-01T08:00+00:00,1,0.0,11.5,926.0,0.0,1.2,10200
2024-05-01T08:00+00:00,105,0.0,16.7,991.2,0.0,6.3,5904
2024-05-01T09:00+00:00,1,0.0,12.0,925.9,0.0,2.1,10200
2024-05-01T09:00+00:00,105,0.0,18.8,990.6,0.8,6.7,5904
2024-05-01T10:00+00:00,1,0.0,12.3,925.7,0.0,1.2,10200
2024-05-01T10:00+00:00,105,0.0,20.5,990.0,0.9,6.1,5904
2024-05-01T11:00+00:00,1,0.0,13.4,925.1,0.0,0.1,10200
2024-05-01T11:00+00:00,105,0.0,20.4,989.6,1.0,6.6,5904
2024-05-01T12:00+00:00,1,0.0,14.3,924.9,0.4,1.8,10200
2024-05-01T12:00+00:00,105,0.0,20.9,989.1,1.0,6.6,5904
2024-05-01T13:00+00:00,1,0.0,13.6,924.4,0.0,0.5,10200
2024-05-01T13:00+00:00,105,0.0,20.4,988.7,0.2,5.7,5904
2024-05-01T14:00+00:00,1,0.0,14.2,923.8,0.1,2.4,10200
2024-05-01T14:00+00:00,105,0.0,21.3,988.0,0.6,6.0,5904
2024-05-01T15:00+00:00,1,0.0,12.9,923.6,0.1,2.6,10200
2024-05-01T15:00+00:00,105,0.0,21.7,987.3,0.7,5.7,5904
2024-05-01T16:00+00:00,1,0.0,12.3,923.4,0.0,2.4,10200
2024-05-01T16:00+00:00,105,0.0,20.6,986.8,0.5,5.5,5904
2024-05-01T17:00+00:00,1,0.0,12.2,923.1,0.0,2.7,10200
2024-05-01T17:00+00:00,105,0.0,20.0,986.3,0.1,4.7,5904
2024-05-01T18:00+00:00,1,0.0,12.3,922.9,0.0,1.9,10200
2024-05-01T18:00+00:00,105,0.0,19.4,986.2,0.0,4.2,5904
2024-05-01T19:00+00:00,1,0.0,12.2,922.9,0.0,2.1,10200
2024-05-01T19:00+00:00,105,0.0,18.7,986.3,0.0,3.3,5904
2024-05-01T20:00+00:00,1,0.0,11.8,922.6,0.0,0.4,10200
2024-05-01T20:00+00:00,105,0.0,18.1,986.6,0.0,4.2,5904
2024-05-01T21:00+00:00,1,0.0,11.8,922.1,0.0,0.4,10200
2024-05-01T21:00+00:00,105,0.0,17.7,986.1,0.0,3.9,5904
2024-05-01T22:00+00:00,1,0.1,11.4,921.6,0.0,0.7,10200
2024-05-01T22:00+00:00,105,0.0,17.6,985.8,0.0,3.6,5904
2024-05-01T23:00+00:00,1,0.2,11.8,921.2,0.0,0.4,10200
2024-05-01T23:00+00:00,105,0.0,16.5,985.1,0.0,2.6,5904
2024-05-02T00:00+00:00,1,0.3,10.9,920.3,0.0,0.5,10200
2024-05-02T00:00+00:00,105,0.0,15.3,984.7,0.0,1.5,5904
2024-05-02T01:00+00:00,1,0.0,11.1,919.7,0.0,0.9,10200
2024-05-02T01:00+00:00,105,0.0,14.9,984.3,0.0,1.7,5904
2024-05-02T02:00+00:00,1,1.0,11.1,919.6,0.0,0.9,10200
2024-05-02T02:00+00:00,105,0.0,15.2,984.0,0.0,2.1,5904
2024-05-02T03:00+00:00,1,0.1,11.8,919.1,0.0,1.6,10200
2024-05-02T03:00+00:00,105,0.0,15.0,983.7,0.0,2.6,5904
2024-05-02T04:00+00:00,1,0.0,11.8,919.0,0.0,2.0,10200
2024-05-02T04:00+00:00,105,0.0,14.5,983.7,0.0,2.4,5904
2024-05-02T05:00+00:00,1,0.0,12.3,918.6,0.0,1.6,10200
2024-05-02T05:00+00:00,105,0.0,14.6,983.6,0.1,3.5,5904
2024-05-02T06:00+00:00,1,0.0,12.4,918.4,0.0,2.2,10200
2024-05-02T06:00+00:00,105,0.0,15.3,983.5,0.0,4.1,5904
2024-05-02T07:00+00:00,1,0.0,12.7,918.5,0.0,1.9,10200
2024-05-02T07:00+00:00,105,0.0,17.2,983.2,0.2,4.5,5904
2024-05-02T08:00+00:00,1,0.0,13.3,918.5,0.0,0.5,10200
2024-05-02T08:00+00:00,105,0.0,17.9,983.2,0.3,5.4,5904
2024-05-02T09:00+00:00,1,0.0,13.3,918.5,0.3,2.5,10200
2024-05-02T09:00+00:00,105,0.0,18.7,983.2,0.4,5.1,5904
2024-05-02T10:00+00:00,1,0.3,13.3,918.5,0.0,1.5,10200
2024-05-02T10:00+00:00,105,0.0,19.9,982.8,0.8,6.1,5904
2024-05-02T11:00+00:00,1,0.0,13.8,918.2,0.2,2.1,10200
2024-05-02T11:00+00:00,105,0.0,19.9,982.5,0.4,5.9,5904
2024-05-02T12:00+00:00,1,0.1,13.3,918.4,0.2,2.4,10200
2024-05-02T12:00+00:00,105,0.0,20.5,982.3,0.3,5.3,5904
2024-05-02T13:00+00:00,1,0.0,15.5,918.0,0.5,0.8,10200
2024-05-02T13:00+00:00,105,0.0,20.0,982.2,0.1,6.1,5904
2024-05-02T14:00+00:00,1,0.0,16.9,917.9,0.8,1.8,10200
2024-05-02T14:00+00:00,105,1.0,16.1,982.1,0.1,5.0,5904
2024-05-02T15:00+00:00,1,0.2,14.1,918.4,0.1,1.5,10200
2024-05-02T15:00+00:00,105,0.0,20.1,981.3,0.8,3.2,5904
2024-05-02T16:00+00:00,1,0.0,14.2,917.7,0.4,0.5,10200
2024-05-02T16:00+00:00,105,0.0,20.7,980.7,1.0,5.0,5904
2024-05-02T17:00+00:00,1,0.0,12.7,917.4,0.2,1.1,10200
2024-05-02T17:00+00:00,105,0.0,19.8,980.5,0.8,4.9,5904
2024-05-02T18:00+00:00,1,0.0,11.9,917.6,0.0,2.6,10200
2024-05-02T18:00+00:00,105,0.0,19.1,981.1,0.6,4.2,5904
2024-05-02T19:00+00:00,1,0.0,11.4,918.7,0.0,2.6,10200
2024-05-02T19:00+00:00,105,0.0,17.1,981.5,0.0,4.3,5904
2024-05-02T20:00+00:00,1,0.0,9.5,918.8,0.0,0.8,10200
2024-05-02T20:00+00:00,105,0.0,16.9,981.8,0.0,4.4,5904
2024-05-02T21:00+00:00,1,0.0,9.0,918.8,0.0,0.6,10200
2024-05-02T21:00+00:00,105,0.0,16.8,981.6,0.0,4.9,5904
2024-05-02T22:00+00:00,1,0.0,7.5,919.0,0.0,0.5,10200
2024-05-02T22:00+00:00,105,0.0,16.0,982.3,0.0,3.3,5904
2024-05-02T23:00+00:00,1,0.0,7.7,919.1,0.0,0.4,10200
2024-05-02T23:00+00:00,105,0.0,15.2,982.2,0.0,2.6,5904
2024-05-03T00:00+00:00,1,0.0,7.1,919.2,0.0,0.3,10200
2024-05-03T00:00+00:00,105,0.0,14.4,981.7,0.0,1.8,5904
2024-05-03T01:00+00:00,1,0.0,6.8,919.3,0.0,0.4,10200
2024-05-03T01:00+00:00,105,0.0,13.7,981.7,0.0,1.1,5904
2024-05-03T02:00+00:00,1,0.0,6.9,919.1,0.0,0.4,10200
2024-05-03T02:00+00:00,105,0.0,12.7,981.8,0.0,1.7,5904
2024-05-03T03:00+00:00,1,0.0,6.8,918.9,0.0,0.5,10200
2024-05-03T03:00+00:00,105,0.0,12.6,982.5,0.0,1.1,5904
2024-05-03T04:00+00:00,1,0.0,6.2,919.0,0.0,0.2,10200
2024-05-03T04:00+00:00,105,0.5,13.3,983.0,0.0,1.2,5904
2024-05-03T05:00+00:00,1,0.0,6.8,919.3,0.0,0.1,10200
2024-05-03T05:00+00:00,105,0.2,13.3,983.6,0.0,0.6,5904
2024-05-03T06:00+00:00,1,0.0,7.7,919.9,0.0,0.3,10200
2024-05-03T06:00+00:00,105,0.2,13.1,984.5,0.0,1.2,5904
2024-05-03T07:00+00:00,1,0.3,8.2,920.2,0.0,0.4,10200
2024-05-03T07:00+00:00,105,0.0,13.4,984.9,0.0,0.5,5904
2024-05-03T08:00+00:00,1,0.8,8.9,920.8,0.0,0.3,10200
2024-05-03T08:00+00:00,105,0.0,14.3,985.2,0.0,0.4,5904
2024-05-03T09:00+00:00,1,0.6,9.6,921.2,0.0,0.7,10200
2024-05-03T09:00+00:00,105,0.0,15.1,985.8,0.0,0.3,5904
2024-05-03T10:00+00:00,1,0.1,10.8,921.4,0.0,0.4,10200
2024-05-03T10:00+00:00,105,0.2,14.7,986.1,0.0,1.0,5904
2024-05-03T11:00+00:00,1,0.5,10.7,921.9,0.0,0.9,10200
2024-05-03T11:00+00:00,105,1.0,14.0,986.6,0.0,1.1,5904
2024-05-03T12:00+00:00,1,0.4,10.3,922.2,0.0,1.6,10200
2024-05-03T12:00+00:00,105,1.4,13.7,986.8,0.0,3.1,5904
2024-05-03T13:00+00:00,1,0.5,10.0,922.4,0.0,1.7,10200
2024-05-03T13:00+00:00,105,0.0,13.4,986.7,0.0,3.8,5904
2024-05-03T14:00+00:00,1,0.1,10.1,922.9,0.0,1.6,10200
2024-05-03T14:00+00:00,105,0.0,13.9,986.9,0.0,5.3,5904
2024-05-03T15:00+00:00,1,0.1,10.0,923.2,0.0,1.6,10200
2024-05-03T15:00+00:00,105,0.0,14.1,987.6,0.1,5.8,5904
2024-05-03T16:00+00:00,1,0.0,9.6,923.6,0.0,1.4,10200
2024-05-03T16:00+00:00,105,0.0,13.8,987.4,0.0,5.5,5904
2024-05-03T17:00+00:00,1,0.5,8.9,924.2,0.0,1.2,10200
2024-05-03T17:00+00:00,105,0.0,13.1,987.4,0.0,6.9,5904
2024-05-03T18:00+00:00,1,0.1,8.2,924.5,0.0,0.7,10200
2024-05-03T18:00+00:00,105,0.0,12.5,987.7,0.0,7.0,5904
2024-05-03T19:00+00:00,1,0.0,7.7,925.1,0.0,1.1,10200
2024-05-03T19:00+00:00,105,0.0,12.4,988.8,0.0,6.7,5904
2024-05-03T20:00+00:00,1,0.0,7.5,925.4,0.0,0.8,10200
2024-05-03T20:00+00:00,105,0.0,12.1,989.1,0.0,6.2,5904
2024-05-03T21:00+00:00,1,0.0,7.5,925.4,0.0,0.7,10200
2024-05-03T21:00+00:00,105,0.0,11.8,988.9,0.0,6.8,5904
2024-05-03T22:00+00:00,1,0.0,7.4,925.9,0.0,0.7,10200
2024-05-03T22:00+00:00,105,0.0,11.7,989.4,0.0,5.9,5904
2024-05-03T23:00+00:00,1,0.0,7.2,926.0,0.0,0.2,10200
2024-05-03T23:00+00:00,105,0.0,11.5,989.6,0.0,5.0,5904
2024-05-04T00:00+00:00,1,0.0,6.9,926.0,0.0,0.7,10200
2024-05-04T00:00+00:00,105,0.0,11.3,989.1,0.0,6.4,5904
2024-05-04T01:00+00:00,1,0.0,6.7,925.7,0.0,0.7,10200
2024-05-04T01:00+00:00,105,0.0,11.3,989.3,0.0,7.0,5904
2024-05-04T02:00+00:00,1,0.0,6.7,925.7,0.0,0.1,10200
2024-05-04T02:00+00:00,105,0.0,11.3,989.7,0.0,5.3,5904
2024-05-04T03:00+00:00,1,0.0,6.2,926.0,0.0,0.3,10200
2024-05-04T03:00+00:00,105,0.0,11.3,989.6,0.0,5.3,5904
2024-05-04T04:00+00:00,1,0.0,5.2,926.4,0.0,0.2,10200
2024-05-04T04:00+00:00,105,0.0,11.2,990.1,0.0,5.2,5904
2024-05-04T05:00+00:00,1,0.0,5.8,926.9,0.0,0.1,10200
2024-05-04T05:00+00:00,105,0.0,12.3,990.5,0.3,4.6,5904
2024-05-04T06:00+00:00,1,0.0,6.3,927.0,0.0,0.2,10200
2024-05-04T06:00+00:00,105,0.0,13.4,990.7,1.0,4.2,5904
2024-05-04T07:00+00:00,1,0.0,8.4,927.0,0.3,0.4,10200
2024-05-04T07:00+00:00,105,0.0,15.0,990.8,1.0,4.7,5904
2024-05-04T08:00+00:00,1,0.0,11.6,926.9,1.0,0.3,10200
2024-05-04T08:00+00:00,105,0.0,16.2,990.8,1.0,4.4,5904
2024-05-04T09:00+00:00,1,0.0,12.9,926.6,1.0,0.7,10200
2024-05-04T09:00+00:00,105,0.0,17.6,990.8,1.0,3.7,5904
2024-05-04T10:00+00:00,1,0.0,15.0,926.3,1.0,1.3,10200
2024-05-04T10:00+00:00,105,0.0,18.6,990.6,1.0,4.6,5904
2024-05-04T11:00+00:00,1,0.0,16.5,926.0,1.0,1.0,10200
2024-05-04T11:00+00:00,105,0.0,19.3,990.4,1.0,4.6,5904
2024-05-04T12:00+00:00,1,0.0,18.3,925.7,1.0,0.8,10200
2024-05-04T12:00+00:00,105,0.0,20.1,990.1,1.0,3.8,5904
2024-05-04T13:00+00:00,1,0.0,18.8,925.3,0.7,0.7,10200
2024-05-04T13:00+00:00,105,0.0,21.3,989.7,1.0,3.2,5904
2024-05-04T14:00+00:00,1,0.0,18.3,925.3,0.4,1.8,10200
2024-05-04T14:00+00:00,105,0.0,22.0,989.4,1.0,2.7,5904
2024-05-04T15:00+00:00,1,0.0,18.0,925.3,0.1,1.3,10200
2024-05-04T15:00+00:00,105,0.0,22.2,989.1,1.0,1.8,5904
2024-05-04T16:00+00:00,1,0.0,17.9,925.3,0.3,0.5,10200
2024-05-04T16:00+00:00,105,0.0,22.1,988.9,1.0,1.9,5904
2024-05-04T17:00+00:00,1,0.0,15.5,925.4,0.2,1.2,10200
2024-05-04T17:00+00:00,105,0.0,20.7,988.8,1.0,1.6,5904
2024-05-04T18:00+00:00,1,0.0,13.9,925.7,0.0,0.8,10200
2024-05-04T18:00+00:00,105,0.0,18.6,989.0,0.4,1.8,5904
2024-05-04T19:00+00:00,1,0.0,12.1,926.3,0.0,0.4,10200
2024-05-04T19:00+00:00,105,0.0,16.5,989.1,0.0,2.5,5904
2024-05-04T20:00+00:00,1,0.0,10.7,926.5,0.0,0.3,10200
2024-05-04T20:00+00:00,105,0.0,15.0,989.3,0.0,2.6,5904
2024-05-04T21:00+00:00,1,0.0,9.8,926.6,0.0,0.3,10200
2024-05-04T21:00+00:00,105,0.0,13.9,989.0,0.0,1.7,5904
2024-05-04T22:00+00:00,1,0.0,8.9,926.7,0.0,0.5,10200
2024-05-04T22:00+00:00,105,0.0,13.9,989.0,0.0,2.5,5904
2024-05-04T23:00+00:00,1,0.0,8.5,926.6,0.0,0.3,10200
2024-05-04T23:00+00:00,105,0.0,13.7,988.8,0.0,3.1,5904
2024-05-05T00:00+00:00,1,0.0,7.7,926.3,0.0,0.0,10200
2024-05-05T00:00+00:00,105,0.0,12.4,988.4,0.0,1.2,5904
2024-05-05T01:00+00:00,1,0.0,7.1,925.9,0.0,0.3,10200
2024-05-05T01:00+00:00,105,0.0,11.6,988.1,0.0,0.3,5904
2024-05-05T02:00+00:00,1,0.0,6.4,925.7,0.0,0.1,10200
2024-05-05T02:00+00:00,105,0.0,10.9,987.9,0.0,0.4,5904
2024-05-05T03:00+00:00,1,0.0,5.4,925.6,0.0,0.2,10200
2024-05-05T03:00+00:00,105,0.0,10.5,987.7,0.0,0.6,5904
2024-05-05T04:00+00:00,1,0.0,5.0,925.7,0.0,0.1,10200
2024-05-05T04:00+00:00,105,0.0,10.6,987.7,0.0,0.5,5904
2024-05-05T05:00+00:00,1,0.0,6.3,925.6,0.0,0.2,10200
2024-05-05T05:00+00:00,105,0.0,12.5,987.9,0.9,1.1,5904
2024-05-05T06:00+00:00,1,0.0,6.9,925.4,0.0,0.3,10200
2024-05-05T06:00+00:00,105,0.0,14.9,987.9,1.0,0.6,5904
2024-05-05T07:00+00:00,1,0.0,10.0,925.1,0.5,0.3,10200
2024-05-05T07:00+00:00,105,0.0,18.4,987.6,1.0,0.6,5904
2024-05-05T08:00+00:00,1,0.0,13.9,924.7,1.0,0.8,10200
2024-05-05T08:00+00:00,105,0.0,20.3,987.3,1.0,1.4,5904
2024-05-05T09:00+00:00,1,0.0,16.1,924.3,1.0,1.0,10200
2024-05-05T09:00+00:00,105,0.0,22.8,986.9,1.0,2.1,5904
2024-05-05T10:00+00:00,1,0.0,18.1,923.8,1.0,1.3,10200
2024-05-05T10:00+00:00,105,0.0,24.2,986.5,1.0,2.9,5904
2024-05-05T11:00+00:00,1,0.0,19.5,923.3,1.0,1.3,10200
2024-05-05T11:00+00:00,105,0.0,24.1,986.0,0.7,3.6,5904
2024-05-05T12:00+00:00,1,0.0,19.2,923.1,0.4,0.8,10200
2024-05-05T12:00+00:00,105,0.0,24.1,986.1,0.8,1.6,5904
2024-05-05T13:00+00:00,1,0.0,20.0,922.6,0.9,2.0,10200
2024-05-05T13:00+00:00,105,0.0,24.0,985.7,0.9,4.5,5904
2024-05-05T14:00+00:00,1,0.0,20.8,922.3,0.7,1.8,10200
2024-05-05T14:00+00:00,105,0.0,24.6,985.4,0.8,3.9,5904
2024-05-05T15:00+00:00,1,0.0,19.9,922.0,0.8,1.7,10200
2024-05-05T15:00+00:00,105,0.0,24.5,985.0,1.0,3.9,5904
2024-05-05T16:00+00:00,1,0.0,19.1,921.8,0.2,1.2,10200
2024-05-05T16:00+00:00,105,0.0,23.7,984.7,1.0,3.4,5904
2024-05-05T17:00+00:00,1,0.0,18.2,921.9,0.0,1.0,10200
2024-05-05T17:00+00:00,105,0.0,22.4,984.7,1.0,3.0,5904
2024-05-05T18:00+00:00,1,0.0,16.7,922.1,0.0,2.1,10200
2024-05-05T18:00+00:00,105,0.0,20.5,984.9,0.7,3.0,5904
2024-05-05T19:00+00:00,1,0.0,13.7,923.0,0.0,2.7,10200
2024-05-05T19:00+00:00,105,0.0,17.9,985.5,0.0,2.5,5904
2024-05-05T20:00+00:00,1,0.0,12.5,923.4,0.0,2.2,10200
2024-05-05T20:00+00:00,105,0.0,19.0,985.7,0.0,4.2,5904
2024-05-05T21:00+00:00,1,0.0,12.6,923.6,0.0,0.7,10200
2024-05-05T21:00+00:00,105,0.0,18.8,985.8,0.0,4.6,5904
2024-05-05T22:00+00:00,1,0.0,11.8,924.0,0.0,0.9,10200
2024-05-05T22:00+00:00,105,0.0,17.1,985.9,0.0,3.1,5904
2024-05-05T23:00+00:00,1,0.0,11.5,923.7,0.0,0.4,10200
2024-05-05T23:00+00:00,105,0.0,15.5,986.0,0.0,2.3,5904
2024-05-06T00:00+00:00,1,0.0,10.5,923.4,0.0,0.5,10200
2024-05-06T00:00+00:00,105,0.0,14.5,985.8,0.0,2.0,5904
2024-05-06T01:00+00:00,1,0.0,9.9,923.3,0.0,0.6,10200
2024-05-06T01:00+00:00,105,0.0,13.9,985.6,0.0,0.8,5904
2024-05-06T02:00+00:00,1,0.0,8.9,923.2,0.0,0.2,10200
2024-05-06T02:00+00:00,105,0.0,13.4,985.5,0.0,1.0,5904
2024-05-06T03:00+00:00,1,0.0,8.4,923.0,0.0,0.4,10200
2024-05-06T03:00+00:00,105,0.0,12.9,985.4,0.0,1.2,5904
2024-05-06T04:00+00:00,1,0.0,7.4,923.1,0.0,0.1,10200
2024-05-06T04:00+00:00,105,0.0,13.0,985.6,0.1,0.3,5904
2024-05-06T05:00+00:00,1,0.0,9.3,922.9,0.6,0.1,10200
2024-05-06T05:00+00:00,105,0.0,15.1,985.6,0.6,0.6,5904
2024-05-06T06:00+00:00,1,0.0,10.8,922.3,0.5,0.6,10200
2024-05-06T06:00+00:00,105,0.0,16.4,985.5,0.2,0.3,5904
2024-05-06T07:00+00:00,1,0.0,14.2,922.0,1.0,0.4,10200
2024-05-06T07:00+00:00,105,0.0,19.9,985.1,1.0,1.1,5904
2024-05-06T08:00+00:00,1,0.0,17.5,921.6,1.0,0.6,10200
2024-05-06T08:00+00:00,105,0.0,21.1,984.7,1.0,2.4,5904
2024-05-06T09:00+00:00,1,0.0,17.3,921.2,0.7,2.1,10200
2024-05-06T09:00+00:00,105,0.0,22.1,984.5,0.8,2.9,5904
2024-05-06T10:00+00:00,1,0.0,17.9,920.9,0.1,1.8,10200
2024-05-06T10:00+00:00,105,0.0,23.9,983.9,1.0,4.2,5904
2024-05-06T11:00+00:00,1,0.0,19.1,920.5,0.4,1.3,10200
2024-05-06T11:00+00:00,105,0.0,23.9,983.5,0.9,4.6,5904
2024-05-06T12:00+00:00,1,0.0,19.6,919.9,0.7,1.6,10200
2024-05-06T12:00+00:00,105,0.0,23.8,982.7,0.7,5.2,5904
2024-05-06T13:00+00:00,1,0.0,20.5,919.3,0.4,1.6,10200
2024-05-06T13:00+00:00,105,0.0,24.3,981.9,1.0,4.8,5904
2024-05-06T14:00+00:00,1,0.0,20.8,918.6,0.7,2.0,10200
2024-05-06T14:00+00:00,105,0.0,24.8,981.3,0.6,4.7,5904
2024-05-06T15:00+00:00,1,0.0,20.0,918.6,0.6,3.1,10200
2024-05-06T15:00+00:00,105,0.0,23.9,980.7,0.9,5.3,5904
2024-05-06T16:00+00:00,1,0.0,19.0,918.6,0.0,2.1,10200
2024-05-06T16:00+00:00,105,6.7,18.7,981.7,0.1,2.3,5904
2024-05-06T17:00+00:00,1,0.0,17.8,918.8,0.0,0.9,10200
2024-05-06T17:00+00:00,105,28.4,15.5,981.2,0.2,2.1,5904
2024-05-06T18:00+00:00,1,0.0,15.0,918.9,0.0,1.1,10200
2024-05-06T18:00+00:00,105,0.0,15.8,981.0,0.0,2.6,5904
2024-05-06T19:00+00:00,1,0.0,14.0,919.3,0.0,0.2,10200
2024-05-06T19:00+00:00,105,0.1,15.2,981.0,0.0,2.7,5904
2024-05-06T20:00+00:00,1,0.0,12.9,919.9,0.0,0.5,10200
2024-05-06T20:00+00:00,105,0.0,14.7,981.3,0.0,1.0,5904
2024-05-06T21:00+00:00,1,0.3,12.4,921.3,0.0,0.6,10200
2024-05-06T21:00+00:00,105,0.0,14.5,982.6,0.0,5.2,5904
2024-05-06T22:00+00:00,1,0.1,12.0,921.8,0.0,1.1,10200
2024-05-06T22:00+00:00,105,0.0,14.4,983.2,0.0,11.1,5904
2024-05-06T23:00+00:00,1,0.0,11.8,922.0,0.0,1.3,10200
2024-05-06T23:00+00:00,105,0.0,14.1,983.5,0.0,10.6,5904
2024-05-07T00:00+00:00,1,0.0,11.5,921.9,0.0,1.8,10200
2024-05-07T00:00+00:00,105,0.2,13.6,983.9,0.0,8.6,5904
2024-05-07T01:00+00:00,1,0.0,11.5,922.1,0.0,1.8,10200
2024-05-07T01:00+00:00,105,1.0,13.2,984.5,0.0,8.4,5904
2024-05-07T02:00+00:00,1,0.0,10.8,922.2,0.0,1.6,10200
2024-05-07T02:00+00:00,105,0.0,13.6,985.2,0.0,8.1,5904
2024-05-07T03:00+00:00,1,0.0,10.5,922.2,0.0,1.5,10200
2024-05-07T03:00+00:00,105,0.0,13.5,985.8,0.0,4.9,5904
2024-05-07T04:00+00:00,1,0.0,10.5,922.4,0.0,1.6,10200
2024-05-07T04:00+00:00,105,0.0,13.6,985.9,0.0,5.1,5904
2024-05-07T05:00+00:00,1,0.0,11.1,922.6,0.0,0.8,10200
2024-05-07T05:00+00:00,105,0.0,13.9,986.3,0.0,6.0,5904
2024-05-07T06:00+00:00,1,0.0,12.5,923.4,0.0,1.6,10200
2024-05-07T06:00+00:00,105,0.0,14.5,987.0,0.0,3.6,5904
2024-05-07T07:00+00:00,1,0.0,13.4,923.8,0.0,1.9,10200
2024-05-07T07:00+00:00,105,0.0,15.2,987.3,0.0,3.6,5904
2024-05-07T08:00+00:00,1,0.0,14.1,924.0,0.0,1.0,10200
2024-05-07T08:00+00:00,105,0.0,17.2,987.8,0.1,4.1,5904
2024-05-07T09:00+00:00,1,0.0,15.1,924.1,0.1,1.7,10200
2024-05-07T09:00+00:00,105,0.0,16.4,988.1,0.2,4.7,5904
2024-05-07T10:00+00:00,1,0.0,15.6,924.2,0.0,1.8,10200
2024-05-07T10:00+00:00,105,0.0,16.6,988.4,0.0,3.4,5904
2024-05-07T11:00+00:00,1,0.0,16.2,924.1,0.0,0.8,10200
2024-05-07T11:00+00:00,105,0.2,15.8,988.8,0.0,4.2,5904
2024-05-07T12:00+00:00,1,0.0,16.3,924.0,0.0,2.6,10200
2024-05-07T12:00+00:00,105,0.0,16.2,988.8,0.0,2.5,5904
2024-05-07T13:00+00:00,1,0.0,16.3,923.8,0.0,2.7,10200
2024-05-07T13:00+00:00,105,0.0,17.1,988.7,0.0,3.1,5904
2024-05-07T14:00+00:00,1,0.0,16.4,923.8,0.0,2.2,10200
2024-05-07T14:00+00:00,105,0.0,17.5,988.8,0.0,2.1,5904
2024-05-07T15:00+00:00,1,0.0,14.1,924.4,0.0,2.3,10200
2024-05-07T15:00+00:00,105,0.0,16.4,989.1,0.0,3.0,5904
2024-05-07T16:00+00:00,1,0.3,13.2,924.6,0.0,1.3,10200
2024-05-07T16:00+00:00,105,0.0,15.5,989.3,0.1,3.2,5904
2024-05-07T17:00+00:00,1,0.1,12.6,925.2,0.0,1.5,10200
2024-05-07T17:00+00:00,105,0.0,15.2,989.9,0.0,3.4,5904
2024-05-07T18:00+00:00,1,0.5,11.8,925.7,0.0,0.6,10200
2024-05-07T18:00+00:00,105,0.0,14.8,990.4,0.0,2.7,5904
2024-05-07T19:00+00:00,1,0.3,11.3,926.3,0.0,0.4,10200
2024-05-07T19:00+00:00,105,0.0,14.7,991.0,0.0,2.4,5904
2024-05-07T20:00+00:00,1,1.3,11.2,926.7,0.0,0.7,10200
2024-05-07T20:00+00:00,105,0.0,14.7,991.5,0.0,2.8,5904
2024-05-07T21:00+00:00,1,0.8,11.0,926.8,0.0,0.7,10200
2024-05-07T21:00+00:00,105,0.0,14.3,991.8,0.0,3.1,5904
2024-05-07T22:00+00:00,1,0.9,10.8,926.9,0.0,0.5,10200
2024-05-07T22:00+00:00,105,0.0,13.8,992.2,0.0,3.0,5904
2024-05-07T23:00+00:00,1,0.4,10.8,926.8,0.0,0.2,10200
2024-05-07T23:00+00:00,105,0.0,13.4,992.2,0.0,3.1,5904
2024-05-08T00:00+00:00,1,0.0,10.8,926.9,0.0,0.1,10200
2024-05-08T00:00+00:00,105,0.0,13.1,992.3,0.0,2.8,5904
2024-05-08T01:00+00:00,1,0.7,10.7,926.9,0.0,0.4,10200
2024-05-08T01:00+00:00,105,0.0,13.0,992.2,0.0,3.1,5904
2024-05-08T02:00+00:00,1,0.6,10.6,927.0,0.0,0.3,10200
2024-05-08T02:00+00:00,105,0.0,12.7,992.5,0.0,2.9,5904
2024-05-08T03:00+00:00,1,2.0,10.4,927.0,0.0,0.5,10200
2024-05-08T03:00+00:00,105,0.0,12.6,992.5,0.0,2.7,5904
2024-05-08T04:00+00:00,1,1.6,10.4,927.3,0.0,0.2,10200
2024-05-08T04:00+00:00,105,0.0,12.5,993.0,0.0,2.4,5904
2024-05-08T05:00+00:00,1,0.5,10.3,927.7,0.0,1.2,10200
2024-05-08T05:00+00:00,105,0.0,11.9,993.5,0.0,1.6,5904
2024-05-08T06:00+00:00,1,0.6,10.8,928.0,0.0,1.2,10200
2024-05-08T06:00+00:00,105,0.1,11.8,993.9,0.0,1.4,5904
2024-05-08T07:00+00:00,1,0.1,11.5,928.4,0.0,1.3,10200
2024-05-08T07:00+00:00,105,0.2,11.9,994.4,0.0,1.7,5904
2024-05-08T08:00+00:00,1,0.0,12.2,928.6,0.0,2.5,10200
2024-05-08T08:00+00:00,105,0.6,12.1,994.9,0.0,2.4,5904
2024-05-08T09:00+00:00,1,0.0,12.7,928.9,0.0,4.8,10200
2024-05-08T09:00+00:00,105,0.4,12.1,995.2,0.0,2.8,5904
2024-05-08T10:00+00:00,1,0.0,12.8,929.1,0.0,4.7,10200
2024-05-08T10:00+00:00,105,0.0,12.5,995.6,0.0,2.7,5904
2024-05-08T11:00+00:00,1,0.0,12.2,929.6,0.0,5.4,10200
2024-05-08T11:00+00:00,105,0.0,12.2,995.8,0.0,2.8,5904
2024-05-08T12:00+00:00,1,0.0,13.6,929.6,0.1,5.2,10200
2024-05-08T12:00+00:00,105,0.0,14.3,995.9,0.0,2.9,5904
2024-05-08T13:00+00:00,1,0.0,13.3,929.8,0.0,4.3,10200
2024-05-08T13:00+00:00,105,0.0,16.1,995.6,0.0,3.4,5904
2024-05-08T14:00+00:00,1,0.0,12.7,930.1,0.0,3.5,10200
2024-05-08T14:00+00:00,105,0.0,16.9,995.5,0.0,2.3,5904
2024-05-08T15:00+00:00,1,0.0,12.6,930.9,0.0,2.8,10200
2024-05-08T15:00+00:00,105,0.0,17.3,995.7,0.2,2.0,5904
2024-05-08T16:00+00:00,1,0.0,12.8,931.0,0.0,0.2,10200
2024-05-08T16:00+00:00,105,0.0,16.5,995.9,0.0,3.5,5904
2024-05-08T17:00+00:00,1,0.0,11.9,931.2,0.0,0.7,10200
2024-05-08T17:00+00:00,105,0.0,15.9,995.9,0.4,3.0,5904
2024-05-08T18:00+00:00,1,0.0,11.3,931.8,0.0,1.9,10200
2024-05-08T18:00+00:00,105,0.0,14.6,996.3,0.0,3.5,5904
2024-05-08T19:00+00:00,1,0.0,10.5,932.1,0.0,0.6,10200
2024-05-08T19:00+00:00,105,0.0,14.6,997.0,0.0,3.7,5904
2024-05-08T20:00+00:00,1,0.0,10.2,932.9,0.0,1.2,10200
2024-05-08T20:00+00:00,105,0.0,14.4,997.9,0.0,3.7,5904
2024-05-08T21:00+00:00,1,0.0,10.1,933.1,0.0,0.5,10200
2024-05-08T21:00+00:00,105,0.0,13.4,997.9,0.0,3.9,5904
2024-05-08T22:00+00:00,1,0.0,9.9,933.5,0.0,0.3,10200
2024-05-08T22:00+00:00,105,0.0,12.5,998.3,0.0,4.2,5904
2024-05-08T23:00+00:00,1,0.0,9.7,933.4,0.0,0.8,10200
2024-05-08T23:00+00:00,105,0.0,12.3,998.2,0.0,4.4,5904
2024-05-09T00:00+00:00,1,0.0,9.1,932.9,0.0,0.5,10200
2024-05-09T00:00+00:00,105,0.0,11.8,998.1,0.0,5.0,5904
2024-05-09T01:00+00:00,1,0.0,8.8,932.9,0.0,1.5,10200
2024-05-09T01:00+00:00,105,0.0,11.3,997.9,0.0,4.7,5904
2024-05-09T02:00+00:00,1,0.0,7.6,932.9,0.0,1.3,10200
2024-05-09T02:00+00:00,105,0.0,11.4,997.8,0.0,4.8,5904
2024-05-09T03:00+00:00,1,0.0,6.9,932.9,0.0,1.5,10200
2024-05-09T03:00+00:00,105,0.0,11.4,997.8,0.0,4.8,5904
2024-05-09T04:00+00:00,1,0.0,6.0,933.1,0.0,0.7,10200
2024-05-09T04:00+00:00,105,0.0,11.1,998.2,0.0,4.5,5904
2024-05-09T05:00+00:00,1,0.0,7.7,933.5,0.6,0.3,10200
2024-05-09T05:00+00:00,105,0.0,11.3,998.4,0.2,5.0,5904
2024-05-09T06:00+00:00,1,0.0,9.7,933.6,1.0,0.1,10200
2024-05-09T06:00+00:00,105,0.0,12.4,998.8,0.7,4.6,5904
2024-05-09T07:00+00:00,1,0.0,11.6,933.4,0.9,0.9,10200
2024-05-09T07:00+00:00,105,0.0,14.3,999.1,0.9,5.7,5904
2024-05-09T08:00+00:00,1,0.0,12.4,933.5,1.0,4.8,10200
2024-05-09T08:00+00:00,105,0.0,16.4,999.3,1.0,5.1,5904
2024-05-09T09:00+00:00,1,0.0,13.6,933.6,1.0,6.1,10200
2024-05-09T09:00+00:00,105,0.0,17.9,999.2,1.0,4.5,5904
2024-05-09T10:00+00:00,1,0.0,14.4,933.4,1.0,5.5,10200
2024-05-09T10:00+00:00,105,0.0,18.3,999.1,1.0,4.7,5904
2024-05-09T11:00+00:00,1,0.0,15.1,933.2,1.0,4.9,10200
2024-05-09T11:00+00:00,105,0.0,19.3,998.7,1.0,4.6,5904
2024-05-09T12:00+00:00,1,0.0,15.0,932.9,0.9,5.3,10200
2024-05-09T12:00+00:00,105,0.0,19.9,998.4,1.0,4.3,5904
2024-05-09T13:00+00:00,1,0.0,15.9,932.5,1.0,4.9,10200
2024-05-09T13:00+00:00,105,0.0,20.2,997.9,1.0,4.3,5904
2024-05-09T14:00+00:00,1,0.0,15.9,932.3,1.0,4.3,10200
2024-05-09T14:00+00:00,105,0.0,21.0,997.4,1.0,4.2,5904
2024-05-09T15:00+00:00,1,0.0,15.2,932.3,0.6,3.7,10200
2024-05-09T15:00+00:00,105,0.0,20.8,997.1,1.0,4.4,5904
2024-05-09T16:00+00:00,1,0.0,15.1,932.1,0.2,3.1,10200
2024-05-09T16:00+00:00,105,0.0,20.4,996.7,1.0,3.6,5904
2024-05-09T17:00+00:00,1,0.0,14.3,932.3,0.7,2.8,10200
2024-05-09T17:00+00:00,105,0.0,19.2,996.7,1.0,3.5,5904
2024-05-09T18:00+00:00,1,0.0,12.6,932.5,0.0,1.5,10200
2024-05-09T18:00+00:00,105,0.0,17.6,996.7,0.9,3.0,5904
2024-05-09T19:00+00:00,1,0.0,10.9,933.0,0.0,1.1,10200
2024-05-09T19:00+00:00,105,0.0,16.2,997.1,0.0,3.3,5904
2024-05-09T20:00+00:00,1,0.0,9.8,933.6,0.0,1.0,10200
2024-05-09T20:00+00:00,105,0.0,15.3,997.7,0.0,3.5,5904
2024-05-09T21:00+00:00,1,0.0,8.2,933.7,0.0,0.9,10200
2024-05-09T21:00+00:00,105,0.0,14.9,997.9,0.0,3.1,5904
2024-05-09T22:00+00:00,1,0.0,7.3,933.8,0.0,0.2,10200
2024-05-09T22:00+00:00,105,0.0,14.0,998.1,0.0,2.7,5904
2024-05-09T23:00+00:00,1,0.0,6.5,934.0,0.0,0.2,10200
2024-05-09T23:00+00:00,105,0.0,13.3,998.2,0.0,2.7,5904
2024-05-10T00:00+00:00,1,0.0,5.3,933.6,0.0,0.2,10200
2024-05-10T00:00+00:00,105,0.0,11.9,998.0,0.0,2.4,5904
2024-05-10T01:00+00:00,1,0.0,4.9,933.5,0.0,0.3,10200
2024-05-10T01:00+00:00,105,0.0,10.9,997.8,0.0,1.1,5904
2024-05-10T02:00+00:00,1,0.0,4.1,933.3,0.0,0.2,10200
2024-05-10T02:00+00:00,105,0.0,10.4,997.6,0.0,2.5,5904
2024-05-10T03:00+00:00,1,0.0,3.6,933.1,0.0,0.0,10200
2024-05-10T03:00+00:00,105,0.0,8.8,997.3,0.0,2.6,5904
2024-05-10T04:00+00:00,1,0.0,3.2,933.3,0.0,0.1,10200
2024-05-10T04:00+00:00,105,0.0,8.7,997.4,0.2,2.0,5904
2024-05-10T05:00+00:00,1,0.0,5.7,933.4,0.9,0.3,10200
2024-05-10T05:00+00:00,105,0.0,11.0,997.6,1.0,1.0,5904
2024-05-10T06:00+00:00,1,0.0,8.3,933.3,1.0,0.6,10200
2024-05-10T06:00+00:00,105,0.0,14.2,997.8,1.0,0.5,5904
2024-05-10T07:00+00:00,1,0.0,11.1,933.0,1.0,0.4,10200
2024-05-10T07:00+00:00,105,0.0,17.0,997.8,1.0,1.2,5904
2024-05-10T08:00+00:00,1,0.0,13.8,932.6,1.0,0.8,10200
2024-05-10T08:00+00:00,105,0.0,18.0,997.8,1.0,2.6,5904
2024-05-10T09:00+00:00,1,0.0,15.7,932.3,1.0,0.8,10200
2024-05-10T09:00+00:00,105,0.0,19.1,997.9,1.0,3.3,5904
2024-05-10T10:00+00:00,1,0.0,16.1,932.1,1.0,1.0,10200
2024-05-10T10:00+00:00,105,0.0,19.3,997.6,1.0,2.5,5904
2024-05-10T11:00+00:00,1,0.0,17.4,931.8,1.0,1.6,10200
2024-05-10T11:00+00:00,105,0.0,20.2,997.4,1.0,2.4,5904
2024-05-10T12:00+00:00,1,0.0,18.0,931.3,0.8,2.5,10200
2024-05-10T12:00+00:00,105,0.0,20.9,997.0,0.9,2.2,5904
2024-05-10T13:00+00:00,1,0.0,18.2,930.8,0.7,1.5,10200
2024-05-10T13:00+00:00,105,0.0,20.9,996.7,0.9,2.6,5904
2024-05-10T14:00+00:00,1,0.0,18.6,930.5,0.9,1.9,10200
2024-05-10T14:00+00:00,105,0.0,21.1,996.3,1.0,3.0,5904
2024-05-10T15:00+00:00,1,0.0,17.6,930.5,0.0,1.6,10200
2024-05-10T15:00+00:00,105,0.0,21.0,996.0,0.8,2.2,5904
2024-05-10T16:00+00:00,1,0.0,16.6,930.7,0.0,3.6,10200
2024-05-10T16:00+00:00,105,0.0,19.9,995.7,0.4,2.6,5904
2024-05-10T17:00+00:00,1,0.0,15.9,930.9,0.0,3.3,10200
2024-05-10T17:00+00:00,105,0.0,19.7,995.7,0.4,2.5,5904
2024-05-10T18:00+00:00,1,0.0,15.2,931.0,0.0,2.7,10200
2024-05-10T18:00+00:00,105,0.0,18.5,995.6,0.1,2.0,5904
2024-05-10T19:00+00:00,1,0.0,14.0,931.5,0.0,1.8,10200
2024-05-10T19:00+00:00,105,0.0,16.3,996.1,0.0,1.9,5904
2024-05-10T20:00+00:00,1,0.0,12.4,932.1,0.0,1.4,10200
2024-05-10T20:00+00:00,105,0.0,15.1,996.3,0.0,2.4,5904
2024-05-10T21:00+00:00,1,0.0,11.5,932.3,0.0,1.3,10200
2024-05-10T21:00+00:00,105,0.0,14.7,996.8,0.0,2.5,5904
2024-05-10T22:00+00:00,1,0.0,10.1,932.6,0.0,0.7,10200
2024-05-10T22:00+00:00,105,0.0,14.7,997.0,0.0,2.8,5904
2024-05-10T23:00+00:00,1,0.0,9.2,932.6,0.0,0.5,10200
2024-05-10T23:00+00:00,105,0.0,14.6,996.7,0.0,2.9,5904
2024-05-11T00:00+00:00,1,0.0,7.7,932.6,0.0,0.7,10200
2024-05-11T00:00+00:00,105,0.0,13.6,996.6,0.0,2.7,5904
2024-05-11T01:00+00:00,1,0.0,7.0,932.3,0.0,0.3,10200
2024-05-11T01:00+00:00,105,0.0,12.9,996.1,0.0,3.3,5904
2024-05-11T02:00+00:00,1,0.0,6.2,932.1,0.0,0.1,10200
2024-05-11T02:00+00:00,105,0.0,11.8,995.9,0.0,2.6,5904
2024-05-11T03:00+00:00,1,0.0,5.5,932.1,0.0,0.2,10200
2024-05-11T03:00+00:00,105,0.0,11.2,995.9,0.0,2.3,5904
2024-05-11T04:00+00:00,1,0.0,4.7,932.3,0.0,0.2,10200
2024-05-11T04:00+00:00,105,0.0,12.7,996.0,0.3,3.1,5904
2024-05-11T05:00+00:00,1,0.0,6.8,932.5,0.9,0.4,10200
2024-05-11T05:00+00:00,105,0.0,14.7,996.1,1.0,3.5,5904
2024-05-11T06:00+00:00,1,0.0,9.3,932.1,1.0,0.5,10200
2024-05-11T06:00+00:00,105,0.0,15.8,996.3,1.0,4.1,5904
2024-05-11T07:00+00:00,1,0.0,12.3,931.9,1.0,0.7,10200
2024-05-11T07:00+00:00,105,0.0,17.6,996.6,1.0,2.8,5904
2024-05-11T08:00+00:00,1,0.0,15.3,931.6,1.0,0.7,10200
2024-05-11T08:00+00:00,105,0.0,18.4,996.6,1.0,3.0,5904
2024-05-11T09:00+00:00,1,0.0,16.8,931.3,1.0,3.5,10200
2024-05-11T09:00+00:00,105,0.0,19.7,996.5,1.0,3.1,5904
2024-05-11T10:00+00:00,1,0.0,17.9,931.1,1.0,2.7,10200
2024-05-11T10:00+00:00,105,0.0,20.5,996.2,1.0,3.4,5904
2024-05-11T11:00+00:00,1,0.0,19.1,930.7,1.0,2.6,10200
2024-05-11T11:00+00:00,105,0.0,21.1,996.0,1.0,2.8,5904
2024-05-11T12:00+00:00,1,0.0,18.7,930.5,0.8,2.2,10200
2024-05-11T12:00+00:00,105,0.0,21.6,995.6,1.0,2.8,5904
2024-05-11T13:00+00:00,1,0.0,19.8,930.1,0.8,1.7,10200
2024-05-11T13:00+00:00,105,0.0,21.9,995.4,1.0,2.9,5904
2024-05-11T14:00+00:00,1,0.0,18.2,930.0,0.2,2.0,10200
2024-05-11T14:00+00:00,105,0.0,21.9,995.0,0.9,2.7,5904
2024-05-11T15:00+00:00,1,0.0,18.1,930.0,0.0,2.6,10200
2024-05-11T15:00+00:00,105,0.0,22.7,994.6,0.5,2.9,5904
2024-05-11T16:00+00:00,1,0.0,17.6,929.8,0.0,2.5,10200
2024-05-11T16:00+00:00,105,0.0,21.9,994.1,1.0,3.2,5904
2024-05-11T17:00+00:00,1,0.0,16.9,929.9,0.2,2.7,10200
2024-05-11T17:00+00:00,105,0.0,20.7,994.3,0.4,2.6,5904
2024-05-11T18:00+00:00,1,0.0,16.0,930.1,0.0,2.7,10200
2024-05-11T18:00+00:00,105,0.0,19.5,994.3,0.0,2.1,5904
2024-05-11T19:00+00:00,1,0.0,13.9,930.5,0.0,1.9,10200
2024-05-11T19:00+00:00,105,0.0,18.6,994.7,0.0,2.1,5904
2024-05-11T20:00+00:00,1,0.0,13.1,931.0,0.0,1.6,10200
2024-05-11T20:00+00:00,105,0.0,17.2,994.8,0.0,2.2,5904
2024-05-11T21:00+00:00,1,0.0,11.4,931.2,0.0,0.7,10200
2024-05-11T21:00+00:00,105,0.0,16.1,994.9,0.0,1.6,5904
2024-05-11T22:00+00:00,1,0.0,10.5,931.3,0.0,0.8,10200
2024-05-11T22:00+00:00,105,0.0,14.8,995.1,0.0,0.9,5904
2024-05-11T23:00+00:00,1,0.0,9.4,931.4,0.0,0.2,10200
2024-05-11T23:00+00:00,105,0.0,15.2,995.1,0.0,2.4,5904
2024-05-12T00:00+00:00,1,0.0,9.0,931.3,0.0,0.2,10200
2024-05-12T00:00+00:00,105,0.0,14.0,994.9,0.0,1.8,5904
2024-05-12T01:00+00:00,1,0.0,8.2,931.1,0.0,0.4,10200
2024-05-12T01:00+00:00,105,0.0,13.0,995.0,0.0,0.9,5904
2024-05-12T02:00+00:00,1,0.0,6.9,930.9,0.0,0.3,10200
2024-05-12T02:00+00:00,105,0.0,13.2,995.0,0.0,1.2,5904
2024-05-12T03:00+00:00,1,0.0,6.4,930.9,0.0,0.2,10200
2024-05-12T03:00+00:00,105,0.0,13.6,995.0,0.0,0.8,5904
2024-05-12T04:00+00:00,1,0.0,6.1,931.0,0.0,0.4,10200
2024-05-12T04:00+00:00,105,0.8,13.0,995.2,0.0,1.5,5904
2024-05-12T05:00+00:00,1,0.0,8.4,931.1,1.0,0.1,10200
2024-05-12T05:00+00:00,105,0.0,13.2,995.5,0.0,1.8,5904
2024-05-12T06:00+00:00,1,0.0,10.7,930.9,1.0,0.5,10200
2024-05-12T06:00+00:00,105,0.0,15.3,995.6,0.3,1.4,5904
2024-05-12T07:00+00:00,1,0.0,12.8,930.5,1.0,0.5,10200
2024-05-12T07:00+00:00,105,0.0,16.4,995.7,1.0,2.8,5904
2024-05-12T08:00+00:00,1,0.0,15.7,930.1,1.0,0.8,10200
2024-05-12T08:00+00:00,105,0.0,18.0,995.5,1.0,2.3,5904
2024-05-12T09:00+00:00,1,0.0,17.5,929.9,1.0,0.9,10200
2024-05-12T09:00+00:00,105,0.0,19.0,995.4,0.9,1.7,5904
2024-05-12T10:00+00:00,1,0.0,17.6,929.7,0.6,1.4,10200
2024-05-12T10:00+00:00,105,0.0,20.8,995.2,1.0,1.8,5904
2024-05-12T11:00+00:00,1,0.0,17.8,929.5,0.2,0.8,10200
2024-05-12T11:00+00:00,105,0.0,21.2,995.1,0.9,3.0,5904
2024-05-12T12:00+00:00,1,0.0,17.8,929.1,0.0,1.3,10200
2024-05-12T12:00+00:00,105,0.0,21.5,994.7,0.8,2.6,5904
2024-05-12T13:00+00:00,1,0.0,19.3,928.8,0.8,2.2,10200
2024-05-12T13:00+00:00,105,0.0,21.6,994.4,0.8,2.7,5904
2024-05-12T14:00+00:00,1,0.0,15.8,929.3,0.1,6.3,10200
2024-05-12T14:00+00:00,105,0.0,21.4,994.0,0.9,3.4,5904
2024-05-12T15:00+00:00,1,0.2,14.1,929.7,0.0,3.8,10200
2024-05-12T15:00+00:00,105,0.0,21.8,993.7,0.9,3.2,5904
2024-05-12T16:00+00:00,1,0.2,13.9,929.7,0.0,0.5,10200
2024-05-12T16:00+00:00,105,0.0,21.4,993.3,1.0,2.7,5904
2024-05-12T17:00+00:00,1,0.0,13.6,929.8,0.2,1.4,10200
2024-05-12T17:00+00:00,105,0.0,19.9,993.4,1.0,2.7,5904
2024-05-12T18:00+00:00,1,0.0,12.7,930.1,0.0,1.6,10200
2024-05-12T18:00+00:00,105,0.0,18.3,993.6,0.9,2.9,5904
2024-05-12T19:00+00:00,1,0.0,11.3,930.1,0.0,1.8,10200
2024-05-12T19:00+00:00,105,0.0,16.4,993.8,0.0,2.5,5904
2024-05-12T20:00+00:00,1,0.0,10.1,930.3,0.0,0.9,10200
2024-05-12T20:00+00:00,105,0.0,15.8,993.9,0.0,3.0,5904
2024-05-12T21:00+00:00,1,0.0,9.2,930.3,0.0,0.5,10200
2024-05-12T21:00+00:00,105,0.0,14.6,993.9,0.0,3.0,5904
2024-05-12T22:00+00:00,1,0.0,8.3,930.3,0.0,0.4,10200
2024-05-12T22:00+00:00,105,0.0,14.3,993.9,0.0,2.8,5904
2024-05-12T23:00+00:00,1,0.0,8.3,930.1,0.0,0.2,10200
2024-05-12T23:00+00:00,105,0.0,12.7,993.8,0.0,2.2,5904
2024-05-13T00:00+00:00,1,0.0,8.4,929.8,0.0,0.5,10200
2024-05-13T00:00+00:00,105,0.0,11.1,993.6,0.0,1.6,5904
2024-05-13T01:00+00:00,1,0.0,8.4,929.6,0.0,0.4,10200
2024-05-13T01:00+00:00,105,0.0,10.2,993.8,0.0,0.7,5904
2024-05-13T02:00+00:00,1,0.0,8.2,929.3,0.0,0.5,10200
2024-05-13T02:00+00:00,105,0.0,10.3,993.8,0.0,1.7,5904
2024-05-13T03:00+00:00,1,0.0,8.5,929.0,0.0,0.4,10200
2024-05-13T03:00+00:00,105,0.0,10.1,993.9,0.0,1.6,5904
2024-05-13T04:00+00:00,1,0.0,8.5,928.9,0.0,0.2,10200
2024-05-13T04:00+00:00,105,0.0,11.1,994.0,0.0,2.5,5904
2024-05-13T05:00+00:00,1,0.0,8.9,928.8,0.0,0.2,10200
2024-05-13T05:00+00:00,105,0.0,12.6,994.0,0.9,2.9,5904
2024-05-13T06:00+00:00,1,0.0,9.8,928.7,0.0,0.3,10200
2024-05-13T06:00+00:00,105,0.0,13.8,994.1,1.0,4.0,5904
2024-05-13T07:00+00:00,1,0.0,11.0,928.8,0.0,0.5,10200
2024-05-13T07:00+00:00,105,0.0,15.2,994.1,1.0,5.2,5904
2024-05-13T08:00+00:00,1,0.0,12.6,928.7,0.0,0.3,10200
2024-05-13T08:00+00:00,105,0.0,16.7,993.7,1.0,4.5,5904
2024-05-13T09:00+00:00,1,0.0,14.5,928.5,0.2,1.3,10200
2024-05-13T09:00+00:00,105,0.0,16.8,993.6,0.6,5.1,5904
2024-05-13T10:00+00:00,1,0.0,14.3,928.0,0.0,1.9,10200
2024-05-13T10:00+00:00,105,0.0,18.4,993.0,1.0,5.1,5904
2024-05-13T11:00+00:00,1,0.0,16.2,927.3,0.2,1.7,10200
2024-05-13T11:00+00:00,105,0.0,19.3,992.6,1.0,4.9,5904
2024-05-13T12:00+00:00,1,0.0,16.6,926.7,0.6,1.8,10200
2024-05-13T12:00+00:00,105,0.0,19.3,992.1,0.6,5.3,5904
2024-05-13T13:00+00:00,1,0.0,15.6,926.3,0.1,2.4,10200
2024-05-13T13:00+00:00,105,0.0,19.8,991.4,0.5,5.8,5904
2024-05-13T14:00+00:00,1,0.2,13.6,926.6,0.0,1.7,10200
2024-05-13T14:00+00:00,105,0.0,20.4,990.8,0.7,5.0,5904
2024-05-13T15:00+00:00,1,16.2,10.7,927.4,0.0,2.2,10200
2024-05-13T15:00+00:00,105,0.0,19.9,990.2,0.7,5.3,5904
2024-05-13T16:00+00:00,1,5.0,10.4,927.0,0.0,1.9,10200
2024-05-13T16:00+00:00,105,0.0,19.7,989.9,1.0,5.0,5904
2024-05-13T17:00+00:00,1,0.1,10.6,926.3,0.1,1.0,10200
2024-05-13T17:00+00:00,105,0.0,18.8,989.9,1.0,4.6,5904
2024-05-13T18:00+00:00,1,0.0,10.8,926.3,0.0,0.9,10200
2024-05-13T18:00+00:00,105,0.0,17.7,989.9,0.9,4.5,5904
2024-05-13T19:00+00:00,1,0.0,10.7,926.4,0.0,0.5,10200
2024-05-13T19:00+00:00,105,0.0,16.9,989.9,0.0,3.7,5904
2024-05-13T20:00+00:00,1,0.0,10.7,926.4,0.0,0.9,10200
2024-05-13T20:00+00:00,105,0.0,16.2,990.0,0.0,3.0,5904
2024-05-13T21:00+00:00,1,0.0,10.7,926.0,0.0,0.8,10200
2024-05-13T21:00+00:00,105,0.0,15.2,990.0,0.0,2.9,5904
2024-05-13T22:00+00:00,1,0.0,10.6,925.9,0.0,0.9,10200
2024-05-13T22:00+00:00,105,0.0,14.4,989.9,0.0,2.4,5904
2024-05-13T23:00+00:00,1,0.0,10.5,925.7,0.0,1.1,10200
2024-05-13T23:00+00:00,105,0.0,13.3,989.5,0.0,2.0,5904
2024-05-14T00:00+00:00,1,0.0,10.3,925.3,0.0,0.5,10200
2024-05-14T00:00+00:00,105,0.0,12.7,989.3,0.0,1.8,5904
2024-05-14T01:00+00:00,1,0.0,10.3,924.7,0.0,0.4,10200
2024-05-14T01:00+00:00,105,0.0,12.0,989.4,0.0,1.4,5904
2024-05-14T02:00+00:00,1,0.0,10.1,924.6,0.0,0.3,10200
2024-05-14T02:00+00:00,105,0.0,10.9,989.3,0.0,1.5,5904
2024-05-14T03:00+00:00,1,0.0,10.1,924.5,0.0,0.6,10200
2024-05-14T03:00+00:00,105,0.0,10.4,989.4,0.0,1.6,5904
2024-05-14T04:00+00:00,1,0.0,9.8,924.7,0.0,0.2,10200
2024-05-14T04:00+00:00,105,0.0,10.9,989.7,0.3,1.0,5904
2024-05-14T05:00+00:00,1,0.8,9.8,924.7,0.0,0.6,10200
2024-05-14T05:00+00:00,105,0.0,12.2,989.7,1.0,0.9,5904
2024-05-14T06:00+00:00,1,0.9,10.1,925.1,0.0,0.7,10200
2024-05-14T06:00+00:00,105,0.0,14.8,989.9,1.0,1.2,5904
2024-05-14T07:00+00:00,1,0.2,9.8,925.6,0.0,0.4,10200
2024-05-14T07:00+00:00,105,0.0,17.9,990.0,1.0,3.1,5904
2024-05-14T08:00+00:00,1,0.0,9.9,925.7,0.0,1.4,10200
2024-05-14T08:00+00:00,105,0.0,18.7,990.0,1.0,3.7,5904
2024-05-14T09:00+00:00,1,0.0,11.2,925.8,0.0,1.6,10200
2024-05-14T09:00+00:00,105,0.0,19.5,990.0,0.9,3.9,5904
2024-05-14T10:00+00:00,1,0.0,11.2,926.0,0.0,1.8,10200
2024-05-14T10:00+00:00,105,0.0,20.9,989.9,0.9,4.4,5904
2024-05-14T11:00+00:00,1,0.0,11.5,926.0,0.0,2.0,10200
2024-05-14T11:00+00:00,105,0.0,21.4,989.6,0.9,4.7,5904
2024-05-14T12:00+00:00,1,0.0,11.8,925.8,0.0,0.6,10200
2024-05-14T12:00+00:00,105,0.0,22.0,989.2,0.8,4.5,5904
2024-05-14T13:00+00:00,1,0.0,12.5,925.5,0.0,1.9,10200
2024-05-14T13:00+00:00,105,0.0,22.3,988.9,1.0,4.2,5904
2024-05-14T14:00+00:00,1,0.0,12.7,925.3,0.0,1.6,10200
2024-05-14T14:00+00:00,105,0.0,22.4,988.5,1.0,4.8,5904
2024-05-14T15:00+00:00,1,0.0,13.2,925.2,0.1,1.0,10200
2024-05-14T15:00+00:00,105,0.0,22.4,988.3,1.0,4.8,5904
2024-05-14T16:00+00:00,1,0.0,12.9,925.1,0.0,0.5,10200
2024-05-14T16:00+00:00,105,0.0,21.9,987.9,1.0,4.1,5904
2024-05-14T17:00+00:00,1,0.0,11.6,924.9,0.0,1.4,10200
2024-05-14T17:00+00:00,105,0.0,20.5,987.8,1.0,3.7,5904
2024-05-14T18:00+00:00,1,0.0,10.4,925.1,0.0,2.8,10200
2024-05-14T18:00+00:00,105,0.0,19.7,987.9,1.0,4.1,5904
2024-05-14T19:00+00:00,1,0.0,9.5,925.5,0.0,3.1,10200
2024-05-14T19:00+00:00,105,0.0,17.9,988.2,0.0,2.9,5904
2024-05-14T20:00+00:00,1,0.0,7.8,925.9,0.0,0.6,10200
2024-05-14T20:00+00:00,105,0.0,16.4,988.4,0.0,2.9,5904
2024-05-14T21:00+00:00,1,0.0,7.3,925.9,0.0,0.5,10200
2024-05-14T21:00+00:00,105,0.0,14.6,988.4,0.0,1.2,5904
2024-05-14T22:00+00:00,1,0.0,6.4,925.6,0.0,0.6,10200
2024-05-14T22:00+00:00,105,0.0,13.2,988.4,0.0,1.0,5904
2024-05-14T23:00+00:00,1,0.0,5.6,925.5,0.0,0.3,10200
2024-05-14T23:00+00:00,105,0.0,12.3,988.3,0.0,1.2,5904
2024-05-15T00:00+00:00,1,0.0,5.3,925.3,0.0,0.1,10200
2024-05-15T00:00+00:00,105,0.0,11.4,988.2,0.0,1.6,5904
2024-05-15T01:00+00:00,1,0.0,5.3,924.9,0.0,0.6,10200
2024-05-15T01:00+00:00,105,0.0,10.4,988.1,0.0,1.6,5904
2024-05-15T02:00+00:00,1,0.0,5.1,924.7,0.0,0.6,10200
2024-05-15T02:00+00:00,105,0.0,10.1,987.9,0.0,0.7,5904
2024-05-15T03:00+00:00,1,0.0,4.9,924.6,0.0,0.7,10200
2024-05-15T03:00+00:00,105,0.0,9.6,987.9,0.0,1.2,5904
2024-05-15T04:00+00:00,1,0.0,4.7,924.8,0.0,0.8,10200
2024-05-15T04:00+00:00,105,0.0,9.7,988.2,0.4,1.5,5904
2024-05-15T05:00+00:00,1,0.0,4.9,924.8,0.0,0.9,10200
2024-05-15T05:00+00:00,105,0.0,12.5,988.4,1.0,1.0,5904
2024-05-15T06:00+00:00,1,0.0,5.3,924.7,0.0,0.7,10200
2024-05-15T06:00+00:00,105,0.0,14.5,988.8,1.0,2.9,5904
2024-05-15T07:00+00:00,1,0.0,8.6,924.8,0.3,0.3,10200
2024-05-15T07:00+00:00,105,0.0,17.3,988.8,1.0,2.5,5904
2024-05-15T08:00+00:00,1,0.0,14.2,924.7,1.0,0.4,10200
2024-05-15T08:00+00:00,105,0.0,19.4,988.8,1.0,3.6,5904
2024-05-15T09:00+00:00,1,0.0,15.2,924.7,1.0,1.6,10200
2024-05-15T09:00+00:00,105,0.0,20.6,988.8,1.0,5.2,5904
2024-05-15T10:00+00:00,1,0.0,15.3,924.8,0.5,2.0,10200
2024-05-15T10:00+00:00,105,0.0,21.6,988.9,1.0,6.2,5904
2024-05-15T11:00+00:00,1,0.0,15.9,924.6,0.5,2.7,10200
2024-05-15T11:00+00:00,105,0.0,22.3,988.5,0.8,6.6,5904
2024-05-15T12:00+00:00,1,0.0,16.6,924.5,0.7,3.4,10200
2024-05-15T12:00+00:00,105,0.0,22.7,988.5,0.9,6.4,5904
2024-05-15T13:00+00:00,1,0.0,16.2,924.2,0.4,2.3,10200
2024-05-15T13:00+00:00,105,0.0,23.7,988.0,0.9,5.9,5904
2024-05-15T14:00+00:00,1,0.0,16.0,924.0,0.3,2.0,10200
2024-05-15T14:00+00:00,105,0.0,22.9,987.7,0.9,6.1,5904
2024-05-15T15:00+00:00,1,0.0,16.2,923.7,0.7,2.2,10200
2024-05-15T15:00+00:00,105,0.0,23.0,987.3,1.0,5.9,5904
2024-05-15T16:00+00:00,1,0.0,15.4,924.0,0.1,2.3,10200
2024-05-15T16:00+00:00,105,0.0,22.4,987.2,0.9,5.8,5904
2024-05-15T17:00+00:00,1,0.0,15.2,923.8,0.1,0.7,10200
2024-05-15T17:00+00:00,105,0.0,21.2,987.7,1.0,5.7,5904
2024-05-15T18:00+00:00,1,0.0,14.0,924.0,0.0,0.7,10200
2024-05-15T18:00+00:00,105,0.0,20.1,987.7,0.6,5.2,5904
2024-05-15T19:00+00:00,1,0.0,13.4,924.2,0.0,1.1,10200
2024-05-15T19:00+00:00,105,0.0,18.6,988.0,0.0,3.6,5904
2024-05-15T20:00+00:00,1,0.0,14.1,924.5,0.0,1.3,10200
2024-05-15T20:00+00:00,105,0.0,18.1,988.4,0.0,3.7,5904
2024-05-15T21:00+00:00,1,0.0,13.5,924.4,0.0,1.1,10200
2024-05-15T21:00+00:00,105,0.0,17.0,988.8,0.0,4.4,5904
2024-05-15T22:00+00:00,1,0.9,11.9,924.6,0.0,1.0,10200
2024-05-15T22:00+00:00,105,0.0,16.3,989.0,0.0,5.5,5904
2024-05-15T23:00+00:00,1,5.7,11.2,924.9,0.0,1.3,10200
2024-05-15T23:00+00:00,105,0.0,15.7,988.9,0.0,4.9,5904
2024-05-16T00:00+00:00,1,1.7,11.0,924.9,0.0,1.7,10200
2024-05-16T00:00+00:00,105,0.0,15.3,988.8,0.0,4.4,5904
2024-05-16T01:00+00:00,1,0.2,10.6,924.6,0.0,0.8,10200
2024-05-16T01:00+00:00,105,0.0,14.5,988.9,0.0,4.5,5904
2024-05-16T02:00+00:00,1,0.0,10.0,924.4,0.0,1.1,10200
2024-05-16T02:00+00:00,105,0.0,14.3,988.9,0.0,5.2,5904
2024-05-16T03:00+00:00,1,0.0,9.8,924.2,0.0,1.3,10200
2024-05-16T03:00+00:00,105,0.0,14.0,988.9,0.0,5.3,5904
2024-05-16T04:00+00:00,1,0.0,9.5,924.2,0.0,0.8,10200
2024-05-16T04:00+00:00,105,0.0,13.1,989.1,0.0,4.5,5904
2024-05-16T05:00+00:00,1,0.0,9.6,924.1,0.0,0.7,10200
2024-05-16T05:00+00:00,105,0.0,13.0,989.4,0.0,4.2,5904
2024-05-16T06:00+00:00,1,0.0,10.4,924.0,0.0,0.1,10200
2024-05-16T06:00+00:00,105,0.0,14.1,989.5,0.0,3.9,5904
2024-05-16T07:00+00:00,1,0.0,11.0,924.0,0.0,0.4,10200
2024-05-16T07:00+00:00,105,0.0,14.5,989.6,0.0,4.5,5904
2024-05-16T08:00+00:00,1,0.0,11.2,923.8,0.0,1.4,10200
2024-05-16T08:00+00:00,105,0.0,16.8,989.4,0.2,4.5,5904
2024-05-16T09:00+00:00,1,0.0,11.6,923.7,0.0,1.4,10200
2024-05-16T09:00+00:00,105,0.0,17.7,989.1,0.4,5.5,5904
2024-05-16T10:00+00:00,1,0.0,11.7,924.0,0.0,1.3,10200
2024-05-16T10:00+00:00,105,0.0,18.3,988.7,0.3,6.1,5904
2024-05-16T11:00+00:00,1,0.0,11.7,923.8,0.0,1.3,10200
2024-05-16T11:00+00:00,105,0.0,17.6,988.5,0.0,5.7,5904
2024-05-16T12:00+00:00,1,0.0,12.1,923.6,0.0,0.4,10200
2024-05-16T12:00+00:00,105,0.0,18.3,988.3,0.0,5.5,5904
2024-05-16T13:00+00:00,1,0.0,11.4,923.2,0.0,2.0,10200
2024-05-16T13:00+00:00,105,0.0,18.9,987.9,0.0,4.9,5904
2024-05-16T14:00+00:00,1,0.0,11.4,923.1,0.0,0.4,10200
2024-05-16T14:00+00:00,105,0.0,17.8,988.0,0.0,4.9,5904
2024-05-16T15:00+00:00,1,0.0,11.2,922.6,0.0,3.0,10200
2024-05-16T15:00+00:00,105,0.2,16.8,987.8,0.0,4.6,5904
2024-05-16T16:00+00:00,1,0.0,11.6,922.5,0.0,3.7,10200
2024-05-16T16:00+00:00,105,0.0,16.6,987.2,0.0,3.3,5904
2024-05-16T17:00+00:00,1,0.8,11.4,922.1,0.0,3.4,10200
2024-05-16T17:00+00:00,105,0.0,16.4,986.7,0.0,3.5,5904
2024-05-16T18:00+00:00,1,0.1,12.1,921.4,0.0,3.1,10200
2024-05-16T18:00+00:00,105,0.0,16.4,986.3,0.0,2.8,5904
2024-05-16T19:00+00:00,1,0.0,12.6,921.2,0.0,2.8,10200
2024-05-16T19:00+00:00,105,0.0,17.0,986.1,0.0,3.7,5904
2024-05-16T20:00+00:00,1,2.5,12.0,921.4,0.0,2.8,10200
2024-05-16T20:00+00:00,105,0.0,17.6,986.0,0.0,4.3,5904
2024-05-16T21:00+00:00,1,1.0,11.8,921.0,0.0,3.0,10200
2024-05-16T21:00+00:00,105,0.0,16.9,985.6,0.0,4.7,5904
2024-05-16T22:00+00:00,1,0.0,12.3,920.2,0.0,3.1,10200
2024-05-16T22:00+00:00,105,0.0,16.3,985.4,0.0,4.1,5904
2024-05-16T23:00+00:00,1,0.0,12.4,919.2,0.0,4.8,10200
2024-05-16T23:00+00:00,105,0.0,16.4,984.7,0.0,4.0,5904
2024-05-17T00:00+00:00,1,0.3,11.6,918.7,0.0,3.8,10200
2024-05-17T00:00+00:00,105,0.0,16.2,984.3,0.0,5.0,5904
2024-05-17T01:00+00:00,1,0.7,11.2,918.9,0.0,3.2,10200
2024-05-17T01:00+00:00,105,0.0,15.8,983.8,0.0,4.8,5904
2024-05-17T02:00+00:00,1,8.1,10.4,919.0,0.0,0.9,10200
2024-05-17T02:00+00:00,105,0.0,14.6,983.6,0.0,6.2,5904
2024-05-17T03:00+00:00,1,0.9,9.9,917.4,0.0,2.3,10200
2024-05-17T03:00+00:00,105,2.4,12.7,983.5,0.0,4.6,5904
2024-05-17T04:00+00:00,1,0.0,9.7,917.7,0.0,1.5,10200
2024-05-17T04:00+00:00,105,5.7,12.6,983.2,0.0,4.4,5904
2024-05-17T05:00+00:00,1,0.0,10.3,917.9,0.0,1.4,10200
2024-05-17T05:00+00:00,105,1.8,12.2,983.4,0.0,5.8,5904
2024-05-17T06:00+00:00,1,0.0,10.6,918.2,0.0,1.4,10200
2024-05-17T06:00+00:00,105,0.7,11.8,983.8,0.0,5.6,5904
2024-05-17T07:00+00:00,1,0.0,12.2,918.6,0.1,1.5,10200
2024-05-17T07:00+00:00,105,0.1,11.9,983.9,0.0,5.7,5904
2024-05-17T08:00+00:00,1,0.0,12.2,918.8,0.1,1.5,10200
2024-05-17T08:00+00:00,105,0.0,12.4,984.1,0.0,4.3,5904
2024-05-17T09:00+00:00,1,0.0,13.8,919.0,0.3,0.9,10200
2024-05-17T09:00+00:00,105,0.0,12.9,984.3,0.0,5.1,5904
2024-05-17T10:00+00:00,1,0.0,14.4,919.1,0.5,1.2,10200
2024-05-17T10:00+00:00,105,0.0,13.1,984.7,0.0,4.6,5904
2024-05-17T11:00+00:00,1,0.8,14.3,919.6,0.0,0.8,10200
2024-05-17T11:00+00:00,105,0.0,13.4,985.1,0.0,3.9,5904
2024-05-17T12:00+00:00,1,0.5,13.4,919.7,0.3,2.3,10200
2024-05-17T12:00+00:00,105,0.0,13.6,985.4,0.0,3.7,5904
2024-05-17T13:00+00:00,1,0.0,13.2,919.9,0.1,1.0,10200
2024-05-17T13:00+00:00,105,3.1,12.8,985.8,0.0,3.6,5904
2024-05-17T14:00+00:00,1,2.0,10.6,920.7,0.0,3.2,10200
2024-05-17T14:00+00:00,105,1.8,13.6,986.2,0.0,2.1,5904
2024-05-17T15:00+00:00,1,2.0,10.3,922.1,0.0,0.6,10200
2024-05-17T15:00+00:00,105,0.1,13.5,986.8,0.0,2.1,5904
2024-05-17T16:00+00:00,1,1.2,10.7,922.5,0.2,0.7,10200
2024-05-17T16:00+00:00,105,0.0,14.2,986.9,0.0,1.6,5904
2024-05-17T17:00+00:00,1,0.0,10.0,923.1,0.1,0.8,10200
2024-05-17T17:00+00:00,105,0.0,14.0,987.1,0.0,1.3,5904
2024-05-17T18:00+00:00,1,0.3,9.3,923.7,0.0,2.0,10200
2024-05-17T18:00+00:00,105,0.0,13.8,987.7,0.0,1.4,5904
2024-05-17T19:00+00:00,1,0.0,9.0,924.0,0.0,1.8,10200
2024-05-17T19:00+00:00,105,0.0,13.5,988.1,0.0,1.6,5904
2024-05-17T20:00+00:00,1,0.0,8.6,924.6,0.0,1.9,10200
2024-05-17T20:00+00:00,105,0.0,13.3,988.5,0.0,1.4,5904
2024-05-17T21:00+00:00,1,0.0,8.4,924.7,0.0,2.2,10200
2024-05-17T21:00+00:00,105,0.0,12.8,988.5,0.0,2.2,5904
2024-05-17T22:00+00:00,1,0.0,8.4,924.8,0.0,1.6,10200
2024-05-17T22:00+00:00,105,0.0,12.4,988.7,0.0,1.4,5904
2024-05-17T23:00+00:00,1,0.0,8.5,925.1,0.0,0.9,10200
2024-05-17T23:00+00:00,105,0.0,12.5,988.7,0.0,1.6,5904
2024-05-18T00:00+00:00,1,0.0,8.6,924.6,0.0,0.4,10200
2024-05-18T00:00+00:00,105,0.0,12.3,988.7,0.0,1.3,5904
2024-05-18T01:00+00:00,1,0.0,8.4,924.7,0.0,0.4,10200
2024-05-18T01:00+00:00,105,0.0,12.3,988.7,0.0,1.1,5904
2024-05-18T02:00+00:00,1,0.0,8.2,924.8,0.0,1.4,10200
2024-05-18T02:00+00:00,105,0.0,12.4,988.8,0.0,1.2,5904
2024-05-18T03:00+00:00,1,0.0,7.9,924.9,0.0,1.4,10200
2024-05-18T03:00+00:00,105,0.0,11.4,989.0,0.0,2.5,5904
2024-05-18T04:00+00:00,1,0.0,8.1,925.3,0.0,1.4,10200
2024-05-18T04:00+00:00,105,0.0,11.6,989.4,0.0,2.2,5904
2024-05-18T05:00+00:00,1,0.0,8.3,925.5,0.0,1.2,10200
2024-05-18T05:00+00:00,105,0.0,11.9,989.5,0.0,2.8,5904
2024-05-18T06:00+00:00,1,0.0,8.7,925.7,0.0,0.6,10200
2024-05-18T06:00+00:00,105,0.0,12.4,989.9,0.0,2.4,5904
2024-05-18T07:00+00:00,1,0.0,9.3,926.0,0.0,1.0,10200
2024-05-18T07:00+00:00,105,0.0,13.1,990.0,0.0,2.2,5904
2024-05-18T08:00+00:00,1,0.0,10.4,926.0,0.0,0.4,10200
2024-05-18T08:00+00:00,105,0.0,13.9,990.0,0.0,2.5,5904
2024-05-18T09:00+00:00,1,0.0,12.5,925.9,0.3,0.5,10200
2024-05-18T09:00+00:00,105,0.0,15.4,990.3,0.1,2.7,5904
2024-05-18T10:00+00:00,1,0.0,13.8,925.5,1.0,1.5,10200
2024-05-18T10:00+00:00,105,0.0,17.3,989.9,0.2,2.8,5904
2024-05-18T11:00+00:00,1,0.0,16.3,924.9,1.0,1.2,10200
2024-05-18T11:00+00:00,105,0.0,17.9,989.6,0.2,3.2,5904
2024-05-18T12:00+00:00,1,0.0,17.7,924.5,1.0,0.8,10200
2024-05-18T12:00+00:00,105,0.0,19.3,989.3,0.4,3.5,5904
2024-05-18T13:00+00:00,1,0.0,19.1,924.0,0.9,0.7,10200
2024-05-18T13:00+00:00,105,0.0,20.4,988.9,0.6,3.7,5904
2024-05-18T14:00+00:00,1,0.0,18.3,923.8,0.2,1.2,10200
2024-05-18T14:00+00:00,105,0.0,20.4,988.3,0.9,3.4,5904
2024-05-18T15:00+00:00,1,0.0,18.1,923.8,0.1,1.2,10200
2024-05-18T15:00+00:00,105,0.0,20.8,988.0,0.6,3.5,5904
2024-05-18T16:00+00:00,1,0.0,15.7,924.0,0.1,1.4,10200
2024-05-18T16:00+00:00,105,0.0,20.1,987.6,0.4,3.5,5904
2024-05-18T17:00+00:00,1,0.8,13.0,924.0,0.1,2.9,10200
2024-05-18T17:00+00:00,105,0.0,19.4,987.4,0.2,3.1,5904
2024-05-18T18:00+00:00,1,1.0,12.4,923.7,0.0,1.5,10200
2024-05-18T18:00+00:00,105,0.0,18.8,987.2,0.6,2.3,5904
2024-05-18T19:00+00:00,1,0.0,11.6,924.0,0.0,1.4,10200
2024-05-18T19:00+00:00,105,0.0,18.3,987.3,0.0,2.8,5904
2024-05-18T20:00+00:00,1,0.0,10.9,923.8,0.0,1.2,10200
2024-05-18T20:00+00:00,105,0.0,17.6,987.1,0.0,2.4,5904
2024-05-18T21:00+00:00,1,0.0,10.1,923.7,0.0,1.3,10200
2024-05-18T21:00+00:00,105,0.0,16.6,986.9,0.0,1.0,5904
2024-05-18T22:00+00:00,1,0.0,10.1,924.0,0.0,0.7,10200
2024-05-18T22:00+00:00,105,0.0,16.2,986.8,0.0,1.7,5904
2024-05-18T23:00+00:00,1,0.0,10.1,923.6,0.0,0.5,10200
2024-05-18T23:00+00:00,105,0.0,15.8,986.6,0.0,1.5,5904
2024-05-19T00:00+00:00,1,0.0,9.4,923.3,0.0,0.8,10200
2024-05-19T00:00+00:00,105,0.0,15.6,986.1,0.0,0.4,5904
2024-05-19T01:00+00:00,1,0.0,8.7,923.1,0.0,0.8,10200
2024-05-19T01:00+00:00,105,0.0,15.2,985.9,0.0,1.8,5904
2024-05-19T02:00+00:00,1,0.0,9.3,923.0,0.0,0.8,10200
2024-05-19T02:00+00:00,105,0.0,13.9,985.5,0.0,1.7,5904
2024-05-19T03:00+00:00,1,0.0,9.0,923.7,0.0,0.2,10200
2024-05-19T03:00+00:00,105,0.0,13.3,986.0,0.0,0.8,5904
2024-05-19T04:00+00:00,1,0.0,8.9,924.3,0.0,1.2,10200
2024-05-19T04:00+00:00,105,0.0,13.6,986.9,0.0,2.5,5904
2024-05-19T05:00+00:00,1,0.0,8.9,923.8,0.2,1.3,10200
2024-05-19T05:00+00:00,105,0.0,15.8,987.3,1.0,2.4,5904
2024-05-19T06:00+00:00,1,0.0,10.1,924.1,0.1,0.4,10200
2024-05-19T06:00+00:00,105,0.0,17.2,987.9,1.0,1.5,5904
2024-05-19T07:00+00:00,1,0.0,14.1,924.5,0.9,0.4,10200
2024-05-19T07:00+00:00,105,0.0,18.6,988.0,0.8,3.6,5904
2024-05-19T08:00+00:00,1,0.0,16.7,924.4,1.0,0.4,10200
2024-05-19T08:00+00:00,105,0.0,19.5,988.1,1.0,3.0,5904
2024-05-19T09:00+00:00,1,0.0,18.5,923.8,1.0,0.9,10200
2024-05-19T09:00+00:00,105,0.0,20.8,988.4,0.9,2.8,5904
2024-05-19T10:00+00:00,1,0.0,18.7,923.6,0.8,1.4,10200
2024-05-19T10:00+00:00,105,0.0,20.6,988.2,0.7,3.5,5904
2024-05-19T11:00+00:00,1,0.0,20.1,923.4,0.6,1.4,10200
2024-05-19T11:00+00:00,105,0.0,21.7,987.4,0.9,2.2,5904
2024-05-19T12:00+00:00,1,0.0,19.4,923.3,0.3,1.8,10200
2024-05-19T12:00+00:00,105,0.0,22.6,987.4,0.8,1.3,5904
2024-05-19T13:00+00:00,1,0.0,19.9,922.9,0.2,0.6,10200
2024-05-19T13:00+00:00,105,0.0,22.9,987.0,0.8,1.4,5904
2024-05-19T14:00+00:00,1,0.0,19.3,922.5,0.1,1.4,10200
2024-05-19T14:00+00:00,105,0.0,23.3,986.5,1.0,2.2,5904
2024-05-19T15:00+00:00,1,0.0,18.8,922.5,0.1,1.4,10200
2024-05-19T15:00+00:00,105,0.0,23.4,985.9,1.0,2.2,5904
2024-05-19T16:00+00:00,1,0.0,16.9,922.3,0.4,2.6,10200
2024-05-19T16:00+00:00,105,0.0,23.7,985.5,1.0,1.4,5904
2024-05-19T17:00+00:00,1,0.0,15.7,922.4,0.2,5.2,10200
2024-05-19T17:00+00:00,105,0.0,21.8,985.7,0.7,1.8,5904
2024-05-19T18:00+00:00,1,0.0,14.9,922.5,0.0,2.9,10200
2024-05-19T18:00+00:00,105,0.0,20.9,985.7,0.5,2.2,5904
2024-05-19T19:00+00:00,1,0.0,14.3,923.0,0.0,1.6,10200
2024-05-19T19:00+00:00,105,0.0,19.6,985.7,0.0,2.1,5904
2024-05-19T20:00+00:00,1,1.2,13.7,923.7,0.0,0.9,10200
2024-05-19T20:00+00:00,105,0.0,19.8,986.1,0.0,2.0,5904
2024-05-19T21:00+00:00,1,3.2,12.8,923.8,0.0,0.6,10200
2024-05-19T21:00+00:00,105,0.0,18.9,986.2,0.0,1.5,5904
2024-05-19T22:00+00:00,1,1.8,12.4,924.2,0.0,0.3,10200
2024-05-19T22:00+00:00,105,0.0,17.2,986.3,0.0,1.8,5904
2024-05-19T23:00+00:00,1,3.2,10.9,924.5,0.0,1.7,10200
2024-05-19T23:00+00:00,105,0.0,17.1,986.3,0.0,1.5,5904
2024-05-20T00:00+00:00,1,0.7,10.7,924.2,0.0,0.6,10200
2024-05-20T00:00+00:00,105,0.0,16.8,986.5,0.0,2.0,5904
2024-05-20T01:00+00:00,1,0.0,10.2,924.0,0.0,0.5,10200
2024-05-20T01:00+00:00,105,0.4,16.2,987.1,0.0,1.4,5904
2024-05-20T02:00+00:00,1,0.0,9.6,924.0,0.0,0.7,10200
2024-05-20T02:00+00:00,105,0.0,15.4,987.7,0.0,2.6,5904
2024-05-20T03:00+00:00,1,0.0,9.8,924.0,0.0,0.4,10200
2024-05-20T03:00+00:00,105,0.0,14.6,987.8,0.0,0.6,5904
2024-05-20T04:00+00:00,1,0.0,9.8,924.4,0.0,0.5,10200
2024-05-20T04:00+00:00,105,0.0,14.7,987.7,0.0,0.5,5904
2024-05-20T05:00+00:00,1,0.0,10.2,924.4,0.0,0.2,10200
2024-05-20T05:00+00:00,105,0.0,14.9,987.7,0.0,1.8,5904
2024-05-20T06:00+00:00,1,0.0,10.7,924.4,0.0,0.5,10200
2024-05-20T06:00+00:00,105,0.0,17.3,988.1,0.6,1.3,5904
2024-05-20T07:00+00:00,1,0.0,12.1,924.5,0.0,0.8,10200
2024-05-20T07:00+00:00,105,0.0,18.8,987.9,0.8,2.0,5904
2024-05-20T08:00+00:00,1,0.0,14.6,924.2,0.6,0.6,10200
2024-05-20T08:00+00:00,105,0.0,19.8,988.0,0.9,1.4,5904
2024-05-20T09:00+00:00,1,0.0,17.5,924.4,1.0,0.6,10200
2024-05-20T09:00+00:00,105,0.0,20.6,988.1,0.8,1.8,5904
2024-05-20T10:00+00:00,1,0.0,18.6,924.2,1.0,1.2,10200
2024-05-20T10:00+00:00,105,0.0,21.7,988.1,1.0,1.8,5904
2024-05-20T11:00+00:00,1,0.0,19.3,923.8,0.5,0.9,10200
2024-05-20T11:00+00:00,105,0.0,22.8,987.9,1.0,2.1,5904
2024-05-20T12:00+00:00,1,0.0,19.1,923.6,0.1,0.8,10200
2024-05-20T12:00+00:00,105,0.0,23.8,987.3,1.0,2.5,5904
2024-05-20T13:00+00:00,1,0.0,20.4,922.9,0.5,1.3,10200
2024-05-20T13:00+00:00,105,0.0,23.0,986.9,0.6,2.3,5904
2024-05-20T14:00+00:00,1,0.0,18.4,922.9,0.1,1.8,10200
2024-05-20T14:00+00:00,105,0.0,24.2,986.1,0.8,3.0,5904
2024-05-20T15:00+00:00,1,0.0,16.6,922.6,0.0,2.8,10200
2024-05-20T15:00+00:00,105,0.0,24.8,985.9,0.8,2.3,5904
2024-05-20T16:00+00:00,1,0.0,17.2,922.7,0.1,1.0,10200
2024-05-20T16:00+00:00,105,0.0,24.0,985.7,0.7,2.6,5904
2024-05-20T17:00+00:00,1,0.0,16.9,922.7,0.4,0.4,10200
2024-05-20T17:00+00:00,105,0.0,23.3,985.9,0.0,2.5,5904
2024-05-20T18:00+00:00,1,0.0,16.0,923.2,0.0,1.2,10200
2024-05-20T18:00+00:00,105,0.0,21.7,985.9,0.1,2.6,5904
2024-05-20T19:00+00:00,1,0.0,14.7,923.4,0.0,0.9,10200
2024-05-20T19:00+00:00,105,0.0,19.9,986.2,0.0,2.1,5904
2024-05-20T20:00+00:00,1,0.0,13.6,923.6,0.0,0.5,10200
2024-05-20T20:00+00:00,105,0.0,19.1,986.7,0.0,1.6,5904
2024-05-20T21:00+00:00,1,0.0,13.1,923.8,0.0,0.2,10200
2024-05-20T21:00+00:00,105,0.0,18.6,986.5,0.0,1.6,5904
2024-05-20T22:00+00:00,1,0.0,12.4,923.6,0.0,0.3,10200
2024-05-20T22:00+00:00,105,0.0,18.1,986.6,0.0,1.8,5904
2024-05-20T23:00+00:00,1,0.0,12.3,923.4,0.0,0.1,10200
2024-05-20T23:00+00:00,105,0.0,18.0,986.5,0.0,1.2,5904
2024-05-21T00:00+00:00,1,0.0,12.0,922.9,0.0,0.2,10200
2024-05-21T00:00+00:00,105,0.0,17.3,986.3,0.0,1.7,5904
2024-05-21T01:00+00:00,1,0.0,11.8,922.4,0.0,0.2,10200
2024-05-21T01:00+00:00,105,0.0,16.1,986.3,0.0,1.7,5904
2024-05-21T02:00+00:00,1,0.0,11.5,922.0,0.0,0.4,10200
2024-05-21T02:00+00:00,105,0.0,16.0,985.9,0.0,1.4,5904
2024-05-21T03:00+00:00,1,0.0,11.6,921.5,0.0,0.4,10200
2024-05-21T03:00+00:00,105,0.0,15.8,985.7,0.0,2.0,5904
2024-05-21T04:00+00:00,1,0.0,11.5,921.5,0.0,0.1,10200
2024-05-21T04:00+00:00,105,0.2,16.2,985.6,0.0,2.4,5904
2024-05-21T05:00+00:00,1,2.4,11.7,921.6,0.0,0.4,10200
2024-05-21T05:00+00:00,105,1.9,15.9,985.4,0.0,2.2,5904
2024-05-21T06:00+00:00,1,4.7,11.8,921.9,0.0,0.7,10200
2024-05-21T06:00+00:00,105,0.0,16.6,985.7,0.0,2.8,5904
2024-05-21T07:00+00:00,1,5.5,11.9,921.5,0.0,1.0,10200
2024-05-21T07:00+00:00,105,0.0,17.3,985.9,0.0,3.3,5904
2024-05-21T08:00+00:00,1,0.1,13.9,921.0,0.0,1.0,10200
2024-05-21T08:00+00:00,105,0.0,18.4,985.8,0.0,3.6,5904
2024-05-21T09:00+00:00,1,0.0,14.7,920.8,0.0,1.0,10200
2024-05-21T09:00+00:00,105,0.0,19.3,985.6,0.0,3.6,5904
2024-05-21T10:00+00:00,1,0.0,15.9,920.2,0.0,1.1,10200
2024-05-21T10:00+00:00,105,0.0,20.3,984.9,0.0,3.5,5904
2024-05-21T11:00+00:00,1,4.2,14.9,920.1,0.0,0.4,10200
2024-05-21T11:00+00:00,105,0.0,20.6,984.7,0.0,4.4,5904
2024-05-21T12:00+00:00,1,3.7,14.4,919.5,0.0,0.6,10200
2024-05-21T12:00+00:00,105,0.0,22.0,984.0,0.0,4.8,5904
2024-05-21T13:00+00:00,1,9.4,14.1,919.3,0.0,0.7,10200
2024-05-21T13:00+00:00,105,0.0,21.7,983.2,0.0,5.9,5904
2024-05-21T14:00+00:00,1,2.0,14.5,918.6,0.0,0.1,10200
2024-05-21T14:00+00:00,105,0.0,21.3,982.7,0.0,5.1,5904
2024-05-21T15:00+00:00,1,0.1,15.9,918.0,0.0,0.1,10200
2024-05-21T15:00+00:00,105,0.0,22.3,981.9,0.0,5.0,5904
2024-05-21T16:00+00:00,1,0.0,16.9,917.5,0.0,1.4,10200
2024-05-21T16:00+00:00,105,0.0,22.2,981.6,0.0,5.1,5904
2024-05-21T17:00+00:00,1,1.0,15.9,917.4,0.0,2.4,10200
2024-05-21T17:00+00:00,105,0.0,21.8,980.8,0.4,5.2,5904
2024-05-21T18:00+00:00,1,0.5,14.2,917.4,0.0,1.7,10200
2024-05-21T18:00+00:00,105,0.0,21.2,980.5,0.2,4.3,5904
2024-05-21T19:00+00:00,1,1.2,13.6,917.7,0.0,0.5,10200
2024-05-21T19:00+00:00,105,1.5,19.4,980.4,0.0,4.3,5904
2024-05-21T20:00+00:00,1,0.4,13.4,917.9,0.0,0.3,10200
2024-05-21T20:00+00:00,105,0.2,16.5,979.9,0.0,4.3,5904
2024-05-21T21:00+00:00,1,0.0,13.2,918.2,0.0,0.2,10200
2024-05-21T21:00+00:00,105,0.0,16.0,981.6,0.0,2.9,5904
2024-05-21T22:00+00:00,1,1.9,13.0,918.6,0.0,0.6,10200
2024-05-21T22:00+00:00,105,0.0,16.0,982.7,0.0,2.4,5904
2024-05-21T23:00+00:00,1,12.9,11.9,919.1,0.0,1.3,10200
2024-05-21T23:00+00:00,105,0.0,15.7,983.2,0.0,2.2,5904
2024-05-22T00:00+00:00,1,1.7,11.2,919.7,0.0,0.5,10200
2024-05-22T00:00+00:00,105,0.0,14.7,983.6,0.0,2.8,5904
2024-05-22T01:00+00:00,1,1.3,10.8,920.2,0.0,0.6,10200
2024-05-22T01:00+00:00,105,0.0,14.9,983.8,0.0,3.7,5904
2024-05-22T02:00+00:00,1,0.4,10.6,920.8,0.0,0.1,10200
2024-05-22T02:00+00:00,105,0.0,15.3,983.3,0.0,4.4,5904
2024-05-22T03:00+00:00,1,0.4,10.2,921.0,0.0,0.4,10200
2024-05-22T03:00+00:00,105,0.0,15.3,983.5,0.0,7.6,5904
2024-05-22T04:00+00:00,1,0.0,9.8,921.3,0.0,0.6,10200
2024-05-22T04:00+00:00,105,0.0,15.5,983.8,0.0,8.4,5904
2024-05-22T05:00+00:00,1,0.0,10.6,922.0,0.1,0.5,10200
2024-05-22T05:00+00:00,105,0.0,15.8,984.1,0.0,8.0,5904
2024-05-22T06:00+00:00,1,0.0,10.9,922.3,0.0,0.4,10200
2024-05-22T06:00+00:00,105,0.0,16.3,984.9,0.1,6.3,5904
2024-05-22T07:00+00:00,1,0.0,12.1,922.5,0.0,0.8,10200
2024-05-22T07:00+00:00,105,0.0,16.3,985.5,0.0,5.6,5904
2024-05-22T08:00+00:00,1,0.0,13.7,922.6,0.2,1.0,10200
2024-05-22T08:00+00:00,105,0.0,18.3,986.0,0.4,6.1,5904
2024-05-22T09:00+00:00,1,0.0,15.1,923.1,0.1,0.7,10200
2024-05-22T09:00+00:00,105,0.0,19.7,986.3,0.2,6.0,5904
2024-05-22T10:00+00:00,1,0.0,15.5,923.2,0.1,1.0,10200
2024-05-22T10:00+00:00,105,0.0,20.9,986.6,0.8,5.1,5904
2024-05-22T11:00+00:00,1,0.0,15.2,923.7,0.0,1.9,10200
2024-05-22T11:00+00:00,105,0.0,20.4,986.8,0.4,4.6,5904
2024-05-22T12:00+00:00,1,0.0,16.3,923.5,0.1,1.7,10200
2024-05-22T12:00+00:00,105,0.0,20.9,986.7,0.1,4.9,5904
2024-05-22T13:00+00:00,1,0.0,17.0,923.3,0.2,1.0,10200
2024-05-22T13:00+00:00,105,0.0,22.8,986.2,0.7,5.0,5904
2024-05-22T14:00+00:00,1,0.0,17.1,922.9,0.5,1.8,10200
2024-05-22T14:00+00:00,105,0.0,22.4,985.8,0.9,4.4,5904
2024-05-22T15:00+00:00,1,0.0,18.6,922.6,0.7,1.5,10200
2024-05-22T15:00+00:00,105,0.0,21.7,985.7,0.7,4.7,5904
2024-05-22T16:00+00:00,1,0.0,17.9,922.6,0.4,0.9,10200
2024-05-22T16:00+00:00,105,0.0,21.7,985.9,0.8,4.7,5904
2024-05-22T17:00+00:00,1,0.0,16.6,923.1,0.4,2.3,10200
2024-05-22T17:00+00:00,105,0.0,21.1,986.5,0.4,2.6,5904
2024-05-22T18:00+00:00,1,0.0,14.4,923.6,0.0,2.0,10200
2024-05-22T18:00+00:00,105,0.0,19.5,987.0,0.7,2.1,5904
2024-05-22T19:00+00:00,1,0.0,13.2,924.4,0.0,2.2,10200
2024-05-22T19:00+00:00,105,0.0,16.8,987.3,0.0,2.2,5904
2024-05-22T20:00+00:00,1,0.0,12.2,925.2,0.0,1.0,10200
2024-05-22T20:00+00:00,105,0.0,16.8,987.8,0.0,3.0,5904
2024-05-22T21:00+00:00,1,0.0,11.9,925.7,0.0,1.2,10200
2024-05-22T21:00+00:00,105,0.0,16.2,988.1,0.0,4.3,5904
2024-05-22T22:00+00:00,1,0.0,10.5,925.7,0.0,1.1,10200
2024-05-22T22:00+00:00,105,0.0,16.5,988.5,0.0,4.1,5904
2024-05-22T23:00+00:00,1,0.0,9.5,925.9,0.0,0.4,10200
2024-05-22T23:00+00:00,105,0.0,17.1,988.5,0.0,4.3,5904
2024-05-23T00:00+00:00,1,0.0,8.9,926.0,0.0,0.6,10200
2024-05-23T00:00+00:00,105,0.0,16.4,988.7,0.0,5.4,5904
2024-05-23T01:00+00:00,1,0.0,8.6,926.0,0.0,0.2,10200
2024-05-23T01:00+00:00,105,0.0,16.1,988.8,0.0,5.4,5904
2024-05-23T02:00+00:00,1,0.0,8.9,926.4,0.0,0.5,10200
2024-05-23T02:00+00:00,105,0.0,16.0,989.2,0.0,5.2,5904
2024-05-23T03:00+00:00,1,0.0,8.7,926.5,0.0,0.0,10200
2024-05-23T03:00+00:00,105,0.0,15.8,989.5,0.0,5.6,5904
2024-05-23T04:00+00:00,1,0.0,8.6,926.8,0.0,0.4,10200
2024-05-23T04:00+00:00,105,0.0,15.9,990.1,0.0,5.3,5904
2024-05-23T05:00+00:00,1,0.0,10.4,927.3,0.9,0.2,10200
2024-05-23T05:00+00:00,105,0.0,16.6,990.5,0.0,4.2,5904
2024-05-23T06:00+00:00,1,0.0,12.5,927.7,1.0,0.4,10200
2024-05-23T06:00+00:00,105,0.0,16.9,991.2,0.1,3.4,5904
2024-05-23T07:00+00:00,1,0.0,13.1,927.6,0.1,0.5,10200
2024-05-23T07:00+00:00,105,0.0,19.3,991.2,1.0,2.9,5904
2024-05-23T08:00+00:00,1,0.0,16.1,927.3,0.9,0.9,10200
2024-05-23T08:00+00:00,105,0.0,20.2,991.2,1.0,2.7,5904
2024-05-23T09:00+00:00,1,0.0,16.9,927.0,0.8,0.9,10200
2024-05-23T09:00+00:00,105,0.0,20.9,991.1,0.9,3.0,5904
2024-05-23T10:00+00:00,1,0.0,17.5,926.9,0.0,1.5,10200
2024-05-23T10:00+00:00,105,0.0,21.9,990.7,0.8,2.5,5904
2024-05-23T11:00+00:00,1,0.0,18.3,926.8,0.3,1.2,10200
2024-05-23T11:00+00:00,105,0.0,22.6,990.6,0.6,1.9,5904
2024-05-23T12:00+00:00,1,0.0,18.6,926.6,0.8,2.2,10200
2024-05-23T12:00+00:00,105,0.0,23.5,990.4,0.8,2.1,5904
2024-05-23T13:00+00:00,1,0.0,18.8,926.0,0.6,0.9,10200
2024-05-23T13:00+00:00,105,0.0,23.3,990.1,0.7,2.8,5904
2024-05-23T14:00+00:00,1,0.0,17.3,926.3,0.3,1.3,10200
2024-05-23T14:00+00:00,105,0.0,23.3,989.7,1.0,2.7,5904
2024-05-23T15:00+00:00,1,2.7,14.7,926.6,0.0,3.1,10200
2024-05-23T15:00+00:00,105,0.0,23.8,989.4,1.0,1.8,5904
2024-05-23T16:00+00:00,1,0.5,13.7,927.0,0.0,0.6,10200
2024-05-23T16:00+00:00,105,0.0,24.0,989.2,1.0,1.1,5904
2024-05-23T17:00+00:00,1,4.5,12.5,927.8,0.0,1.0,10200
2024-05-23T17:00+00:00,105,0.0,22.6,989.5,0.9,1.8,5904
2024-05-23T18:00+00:00,1,2.2,11.9,928.0,0.0,0.9,10200
2024-05-23T18:00+00:00,105,0.0,21.7,989.9,0.9,1.9,5904
2024-05-23T19:00+00:00,1,1.6,11.6,928.4,0.0,0.8,10200
2024-05-23T19:00+00:00,105,0.0,20.0,990.5,0.0,1.8,5904
2024-05-23T20:00+00:00,1,0.1,11.1,928.7,0.0,0.9,10200
2024-05-23T20:00+00:00,105,0.0,19.7,991.1,0.0,1.0,5904
2024-05-23T21:00+00:00,1,0.0,11.1,928.4,0.0,1.1,10200
2024-05-23T21:00+00:00,105,0.0,18.2,991.2,0.0,2.1,5904
2024-05-23T22:00+00:00,1,0.0,10.9,928.4,0.0,0.3,10200
2024-05-23T22:00+00:00,105,0.0,17.8,991.2,0.0,1.3,5904
2024-05-23T23:00+00:00,1,0.0,10.8,928.4,0.0,0.8,10200
2024-05-23T23:00+00:00,105,0.0,16.3,991.2,0.0,0.3,5904
2024-05-24T00:00+00:00,1,0.0,10.8,928.2,0.0,0.6,10200
2024-05-24T00:00+00:00,105,0.0,16.0,991.3,0.0,0.7,5904
2024-05-24T01:00+00:00,1,0.2,10.8,928.0,0.0,0.6,10200
2024-05-24T01:00+00:00,105,0.0,16.0,991.4,0.0,0.4,5904
2024-05-24T02:00+00:00,1,0.0,10.6,928.0,0.0,0.7,10200
2024-05-24T02:00+00:00,105,0.0,15.5,991.4,0.0,0.9,5904
2024-05-24T03:00+00:00,1,0.0,10.7,928.1,0.0,0.2,10200
2024-05-24T03:00+00:00,105,0.0,16.0,991.9,0.0,1.5,5904
2024-05-24T04:00+00:00,1,0.0,10.7,928.5,0.0,0.3,10200
2024-05-24T04:00+00:00,105,0.1,15.5,992.6,0.0,2.2,5904
2024-05-24T05:00+00:00,1,0.0,11.1,928.8,0.0,0.3,10200
2024-05-24T05:00+00:00,105,0.0,15.4,992.4,0.0,3.3,5904
2024-05-24T06:00+00:00,1,0.0,11.8,928.9,0.0,0.6,10200
2024-05-24T06:00+00:00,105,0.0,16.7,992.7,0.2,2.1,5904
2024-05-24T07:00+00:00,1,0.0,12.7,929.1,0.1,0.8,10200
2024-05-24T07:00+00:00,105,0.1,16.9,993.4,0.3,2.6,5904
2024-05-24T08:00+00:00,1,0.0,13.4,929.3,0.0,1.2,10200
2024-05-24T08:00+00:00,105,0.0,17.7,993.8,0.2,1.6,5904
2024-05-24T09:00+00:00,1,0.0,15.3,929.1,0.8,1.4,10200
2024-05-24T09:00+00:00,105,0.0,18.1,994.0,0.3,1.5,5904
2024-05-24T10:00+00:00,1,0.0,17.3,928.8,1.0,1.4,10200
2024-05-24T10:00+00:00,105,0.0,18.4,993.9,0.0,2.4,5904
2024-05-24T11:00+00:00,1,0.0,17.3,928.6,0.6,0.9,10200
2024-05-24T11:00+00:00,105,0.0,20.4,993.4,0.3,1.7,5904
2024-05-24T12:00+00:00,1,0.0,16.1,928.6,0.4,1.7,10200
2024-05-24T12:00+00:00,105,0.0,20.6,993.4,0.1,1.0,5904
2024-05-24T13:00+00:00,1,0.0,18.0,928.2,0.6,0.9,10200
2024-05-24T13:00+00:00,105,0.0,21.8,993.0,0.8,1.8,5904
2024-05-24T14:00+00:00,1,0.0,17.7,927.8,0.9,2.0,10200
2024-05-24T14:00+00:00,105,0.3,17.5,992.7,0.1,2.4,5904
2024-05-24T15:00+00:00,1,0.0,18.5,927.8,0.9,1.3,10200
2024-05-24T15:00+00:00,105,3.1,15.5,992.6,0.0,2.1,5904
2024-05-24T16:00+00:00,1,0.0,18.0,927.6,0.3,1.3,10200
2024-05-24T16:00+00:00,105,0.2,15.5,992.8,0.0,1.2,5904
2024-05-24T17:00+00:00,1,0.0,16.0,928.0,0.0,1.2,10200
2024-05-24T17:00+00:00,105,0.2,15.6,992.7,0.0,2.6,5904
2024-05-24T18:00+00:00,1,0.0,15.0,928.1,0.0,1.1,10200
2024-05-24T18:00+00:00,105,0.0,15.1,992.9,0.0,0.8,5904
2024-05-24T19:00+00:00,1,0.0,15.2,928.6,0.0,1.9,10200
2024-05-24T19:00+00:00,105,0.0,14.7,992.9,0.0,1.7,5904
2024-05-24T20:00+00:00,1,0.0,12.8,929.0,0.0,2.0,10200
2024-05-24T20:00+00:00,105,0.0,14.0,993.4,0.0,2.4,5904
2024-05-24T21:00+00:00,1,0.0,12.1,929.1,0.0,0.6,10200
2024-05-24T21:00+00:00,105,0.0,13.2,993.5,0.0,1.9,5904
2024-05-24T22:00+00:00,1,0.0,11.5,929.5,0.0,0.6,10200
2024-05-24T22:00+00:00,105,0.0,12.7,993.6,0.0,0.6,5904
2024-05-24T23:00+00:00,1,0.0,10.6,929.3,0.0,0.4,10200
2024-05-24T23:00+00:00,105,0.0,12.6,993.4,0.0,1.2,5904
2024-05-25T00:00+00:00,1,0.0,9.6,929.3,0.0,0.3,10200
2024-05-25T00:00+00:00,105,0.0,12.5,993.3,0.0,0.8,5904
2024-05-25T01:00+00:00,1,0.0,9.2,929.5,0.0,0.5,10200
2024-05-25T01:00+00:00,105,0.0,12.8,993.4,0.0,0.5,5904
2024-05-25T02:00+00:00,1,0.0,9.0,929.3,0.0,0.3,10200
2024-05-25T02:00+00:00,105,0.0,12.7,993.2,0.0,1.1,5904
2024-05-25T03:00+00:00,1,0.0,9.2,929.3,0.0,0.5,10200
2024-05-25T03:00+00:00,105,0.0,13.0,993.3,0.0,1.2,5904
2024-05-25T04:00+00:00,1,0.0,9.0,929.5,0.0,0.8,10200
2024-05-25T04:00+00:00,105,0.0,13.9,993.5,0.0,1.5,5904
2024-05-25T05:00+00:00,1,0.0,8.9,929.3,0.0,0.8,10200
2024-05-25T05:00+00:00,105,0.0,14.6,993.7,0.0,1.6,5904
2024-05-25T06:00+00:00,1,0.0,9.6,929.6,0.0,0.8,10200
2024-05-25T06:00+00:00,105,0.0,14.5,994.1,0.0,1.7,5904
2024-05-25T07:00+00:00,1,0.0,11.4,929.3,0.0,0.4,10200
2024-05-25T07:00+00:00,105,0.2,15.1,994.1,0.0,1.3,5904
2024-05-25T08:00+00:00,1,0.0,14.4,929.1,0.7,0.3,10200
2024-05-25T08:00+00:00,105,0.0,15.8,994.4,0.0,0.0,5904
2024-05-25T09:00+00:00,1,0.0,17.0,928.9,0.9,1.0,10200
2024-05-25T09:00+00:00,105,0.3,16.9,993.8,0.0,0.2,5904
2024-05-25T10:00+00:00,1,0.0,17.7,928.7,0.9,1.5,10200
2024-05-25T10:00+00:00,105,0.0,18.3,993.9,0.4,1.8,5904
2024-05-25T11:00+00:00,1,0.0,18.1,928.4,0.5,1.8,10200
2024-05-25T11:00+00:00,105,0.0,19.3,993.4,0.5,0.8,5904
2024-05-25T12:00+00:00,1,0.0,18.1,928.5,0.0,1.3,10200
2024-05-25T12:00+00:00,105,2.8,14.5,993.6,0.0,2.4,5904
2024-05-25T13:00+00:00,1,0.0,17.4,928.2,0.0,1.2,10200
2024-05-25T13:00+00:00,105,1.1,15.7,993.5,0.0,2.6,5904
2024-05-25T14:00+00:00,1,0.0,18.4,928.1,0.3,0.9,10200
2024-05-25T14:00+00:00,105,1.0,16.5,992.4,0.0,1.7,5904
2024-05-25T15:00+00:00,1,0.0,18.0,928.1,0.6,1.3,10200
2024-05-25T15:00+00:00,105,0.0,19.9,992.2,0.5,2.1,5904
2024-05-25T16:00+00:00,1,0.0,18.4,927.7,0.4,0.9,10200
2024-05-25T16:00+00:00,105,0.0,19.7,991.7,0.9,1.9,5904
2024-05-25T17:00+00:00,1,0.0,15.6,928.0,0.1,2.0,10200
2024-05-25T17:00+00:00,105,0.0,19.0,991.8,0.9,2.3,5904
2024-05-25T18:00+00:00,1,0.0,15.1,928.6,0.0,1.7,10200
2024-05-25T18:00+00:00,105,0.0,17.6,992.5,0.6,3.0,5904
2024-05-25T19:00+00:00,1,0.0,13.9,928.7,0.0,0.9,10200
2024-05-25T19:00+00:00,105,0.0,15.7,992.5,0.0,1.8,5904
2024-05-25T20:00+00:00,1,0.0,12.5,929.6,0.0,1.2,10200
2024-05-25T20:00+00:00,105,0.0,14.5,993.2,0.0,0.9,5904
2024-05-25T21:00+00:00,1,0.0,12.1,930.0,0.0,0.8,10200
2024-05-25T21:00+00:00,105,0.0,14.5,993.4,0.0,1.7,5904
2024-05-25T22:00+00:00,1,0.3,11.2,929.8,0.0,1.1,10200
2024-05-25T22:00+00:00,105,0.0,14.7,993.4,0.0,2.1,5904
2024-05-25T23:00+00:00,1,0.0,11.2,929.8,0.0,0.4,10200
2024-05-25T23:00+00:00,105,0.0,14.2,993.4,0.0,0.4,5904
2024-05-26T00:00+00:00,1,0.0,10.5,929.3,0.0,0.2,10200
2024-05-26T00:00+00:00,105,0.0,13.9,993.0,0.0,0.5,5904
2024-05-26T01:00+00:00,1,0.0,10.5,929.6,0.0,0.7,10200
2024-05-26T01:00+00:00,105,0.0,14.0,993.3,0.0,0.6,5904
2024-05-26T02:00+00:00,1,0.1,10.7,929.8,0.0,0.3,10200
2024-05-26T02:00+00:00,105,0.0,14.1,993.4,0.0,1.4,5904
2024-05-26T03:00+00:00,1,4.8,10.9,930.4,0.0,0.9,10200
2024-05-26T03:00+00:00,105,0.0,13.9,993.0,0.0,1.4,5904
2024-05-26T04:00+00:00,1,6.5,10.8,930.5,0.0,1.2,10200
2024-05-26T04:00+00:00,105,0.0,13.9,993.9,0.0,0.5,5904
2024-05-26T05:00+00:00,1,0.7,10.7,929.9,0.0,0.8,10200
2024-05-26T05:00+00:00,105,0.0,14.4,994.9,0.0,0.7,5904
2024-05-26T06:00+00:00,1,0.1,10.9,930.0,0.0,1.2,10200
2024-05-26T06:00+00:00,105,0.7,16.9,994.8,0.5,1.7,5904
2024-05-26T07:00+00:00,1,0.1,11.0,930.7,0.0,0.5,10200
2024-05-26T07:00+00:00,105,0.4,16.6,995.0,0.1,1.5,5904
2024-05-26T08:00+00:00,1,4.4,10.9,931.0,0.0,0.2,10200
2024-05-26T08:00+00:00,105,0.1,18.2,995.1,0.1,0.9,5904
2024-05-26T09:00+00:00,1,1.2,11.5,930.9,0.0,0.6,10200
2024-05-26T09:00+00:00,105,0.0,19.5,995.2,0.5,1.3,5904
2024-05-26T10:00+00:00,1,0.0,13.9,930.7,0.0,0.4,10200
2024-05-26T10:00+00:00,105,0.0,20.0,995.2,0.2,1.5,5904
2024-05-26T11:00+00:00,1,0.0,14.1,931.0,0.0,0.8,10200
2024-05-26T11:00+00:00,105,0.0,21.3,995.2,0.3,1.7,5904
2024-05-26T12:00+00:00,1,0.0,14.3,931.1,0.2,0.3,10200
2024-05-26T12:00+00:00,105,0.0,22.4,995.0,0.9,1.7,5904
2024-05-26T13:00+00:00,1,2.1,15.0,931.0,0.1,1.7,10200
2024-05-26T13:00+00:00,105,0.0,22.6,994.6,0.7,2.0,5904
2024-05-26T14:00+00:00,1,0.0,15.4,930.9,0.1,1.3,10200
2024-05-26T14:00+00:00,105,0.0,23.5,994.1,0.6,2.6,5904
2024-05-26T15:00+00:00,1,0.1,13.5,930.9,0.0,2.0,10200
2024-05-26T15:00+00:00,105,0.0,22.6,994.1,0.4,2.8,5904
2024-05-26T16:00+00:00,1,0.0,15.9,930.9,0.3,1.7,10200
2024-05-26T16:00+00:00,105,0.0,23.0,994.1,0.5,2.9,5904
2024-05-26T17:00+00:00,1,0.0,14.5,930.8,0.9,1.3,10200
2024-05-26T17:00+00:00,105,0.0,21.5,994.3,0.4,2.3,5904
2024-05-26T18:00+00:00,1,0.0,12.8,931.1,0.0,2.6,10200
2024-05-26T18:00+00:00,105,0.0,21.0,994.7,0.0,2.3,5904
2024-05-26T19:00+00:00,1,0.0,11.7,931.6,0.0,1.9,10200
2024-05-26T19:00+00:00,105,0.0,19.7,995.2,0.0,1.2,5904
2024-05-26T20:00+00:00,1,0.0,11.1,932.1,0.0,1.3,10200
2024-05-26T20:00+00:00,105,0.0,17.2,996.3,0.0,4.1,5904
2024-05-26T21:00+00:00,1,0.0,10.8,932.3,0.0,0.4,10200
2024-05-26T21:00+00:00,105,0.0,16.5,995.2,0.0,0.9,5904
2024-05-26T22:00+00:00,1,0.0,10.4,932.3,0.0,0.1,10200
2024-05-26T22:00+00:00,105,0.0,15.2,994.9,0.0,2.4,5904
2024-05-26T23:00+00:00,1,0.0,10.6,932.2,0.0,0.5,10200
2024-05-26T23:00+00:00,105,0.0,14.7,995.2,0.0,0.9,5904
2024-05-27T00:00+00:00,1,0.0,10.6,932.1,0.0,0.1,10200
2024-05-27T00:00+00:00,105,0.0,14.0,995.1,0.0,1.5,5904
2024-05-27T01:00+00:00,1,0.0,10.2,931.9,0.0,1.2,10200
2024-05-27T01:00+00:00,105,0.0,13.4,994.7,0.0,2.0,5904
2024-05-27T02:00+00:00,1,0.0,10.0,931.6,0.0,1.4,10200
2024-05-27T02:00+00:00,105,0.0,12.9,994.7,0.0,2.2,5904
2024-05-27T03:00+00:00,1,0.0,10.1,931.6,0.0,0.8,10200
2024-05-27T03:00+00:00,105,0.0,12.7,994.8,0.0,0.5,5904
2024-05-27T04:00+00:00,1,0.0,9.9,931.9,0.0,0.7,10200
2024-05-27T04:00+00:00,105,0.0,13.0,994.7,0.0,1.9,5904
2024-05-27T05:00+00:00,1,0.0,10.2,932.2,0.0,0.4,10200
2024-05-27T05:00+00:00,105,0.0,14.9,995.0,0.3,2.6,5904
2024-05-27T06:00+00:00,1,0.0,10.1,932.3,0.0,0.9,10200
2024-05-27T06:00+00:00,105,0.0,18.6,995.2,1.0,1.8,5904
2024-05-27T07:00+00:00,1,0.0,10.4,932.5,0.0,0.9,10200
2024-05-27T07:00+00:00,105,0.0,20.0,995.2,1.0,2.5,5904
2024-05-27T08:00+00:00,1,0.0,11.6,932.3,0.0,0.7,10200
2024-05-27T08:00+00:00,105,0.0,22.0,994.9,1.0,2.6,5904
2024-05-27T09:00+00:00,1,0.0,14.4,931.9,0.6,0.5,10200
2024-05-27T09:00+00:00,105,0.0,23.6,994.7,1.0,2.7,5904
2024-05-27T10:00+00:00,1,0.0,18.0,931.3,1.0,0.4,10200
2024-05-27T10:00+00:00,105,0.0,25.0,994.3,1.0,4.3,5904
2024-05-27T11:00+00:00,1,0.0,19.2,930.5,1.0,0.9,10200
2024-05-27T11:00+00:00,105,0.0,25.6,993.7,0.9,3.5,5904
2024-05-27T12:00+00:00,1,0.0,20.9,929.9,0.9,0.6,10200
2024-05-27T12:00+00:00,105,0.0,25.6,993.4,0.6,3.9,5904
2024-05-27T13:00+00:00,1,0.0,20.8,929.3,1.0,1.6,10200
2024-05-27T13:00+00:00,105,0.0,24.0,992.8,0.1,3.4,5904
2024-05-27T14:00+00:00,1,0.0,21.4,928.9,0.8,1.7,10200
2024-05-27T14:00+00:00,105,0.0,23.1,992.8,0.0,2.3,5904
2024-05-27T15:00+00:00,1,0.0,21.1,928.6,1.0,2.3,10200
2024-05-27T15:00+00:00,105,0.0,24.2,992.1,0.4,2.8,5904
2024-05-27T16:00+00:00,1,0.0,17.4,928.7,0.3,3.8,10200
2024-05-27T16:00+00:00,105,0.0,25.0,991.5,0.6,3.3,5904
2024-05-27T17:00+00:00,1,0.0,16.2,928.7,0.0,2.3,10200
2024-05-27T17:00+00:00,105,0.0,24.0,991.4,0.2,4.2,5904
2024-05-27T18:00+00:00,1,0.0,15.1,928.7,0.0,0.9,10200
2024-05-27T18:00+00:00,105,0.0,22.9,991.3,0.0,3.6,5904
2024-05-27T19:00+00:00,1,0.0,13.9,928.8,0.0,1.2,10200
2024-05-27T19:00+00:00,105,0.0,20.4,991.3,0.0,2.4,5904
2024-05-27T20:00+00:00,1,0.0,12.7,929.1,0.0,0.8,10200
2024-05-27T20:00+00:00,105,0.0,18.7,991.6,0.0,1.5,5904
2024-05-27T21:00+00:00,1,0.0,11.8,929.0,0.0,0.5,10200
2024-05-27T21:00+00:00,105,0.0,16.9,991.4,0.0,1.5,5904
2024-05-27T22:00+00:00,1,0.0,10.8,928.8,0.0,0.5,10200
2024-05-27T22:00+00:00,105,0.0,16.3,991.3,0.0,2.2,5904
2024-05-27T23:00+00:00,1,0.0,10.3,928.4,0.0,0.3,10200
2024-05-27T23:00+00:00,105,0.0,15.2,991.0,0.0,1.8,5904
2024-05-28T00:00+00:00,1,0.0,9.8,928.4,0.0,0.1,10200
2024-05-28T00:00+00:00,105,0.0,14.3,990.7,0.0,1.2,5904
2024-05-28T01:00+00:00,1,0.0,9.2,927.8,0.0,0.4,10200
2024-05-28T01:00+00:00,105,0.0,13.7,990.4,0.0,1.4,5904
2024-05-28T02:00+00:00,1,0.0,8.6,927.6,0.0,0.1,10200
2024-05-28T02:00+00:00,105,0.0,13.3,990.3,0.0,1.1,5904
2024-05-28T03:00+00:00,1,0.0,8.4,927.6,0.0,0.4,10200
2024-05-28T03:00+00:00,105,0.0,12.6,990.4,0.0,0.9,5904
2024-05-28T04:00+00:00,1,0.0,8.9,927.8,0.0,0.2,10200
2024-05-28T04:00+00:00,105,0.0,12.9,991.2,0.0,0.7,5904
2024-05-28T05:00+00:00,1,0.0,9.4,927.9,0.0,0.4,10200
2024-05-28T05:00+00:00,105,0.0,15.5,991.2,0.4,0.7,5904
2024-05-28T06:00+00:00,1,0.0,10.4,928.0,0.0,0.6,10200
2024-05-28T06:00+00:00,105,0.0,18.3,991.3,1.0,0.2,5904
2024-05-28T07:00+00:00,1,0.0,10.8,928.4,0.0,0.3,10200
2024-05-28T07:00+00:00,105,0.0,21.6,991.8,1.0,1.2,5904
2024-05-28T08:00+00:00,1,1.4,10.9,928.8,0.0,0.2,10200
2024-05-28T08:00+00:00,105,0.0,21.3,992.2,0.6,3.9,5904
2024-05-28T09:00+00:00,1,3.0,11.4,928.8,0.0,0.2,10200
2024-05-28T09:00+00:00,105,0.0,20.8,992.3,0.4,3.8,5904
2024-05-28T10:00+00:00,1,0.2,12.0,928.9,0.0,0.5,10200
2024-05-28T10:00+00:00,105,0.0,21.4,992.1,0.9,5.2,5904
2024-05-28T11:00+00:00,1,0.0,12.3,928.9,0.0,0.2,10200
2024-05-28T11:00+00:00,105,0.0,21.8,992.1,1.0,5.7,5904
2024-05-28T12:00+00:00,1,0.5,12.9,929.1,0.0,1.3,10200
2024-05-28T12:00+00:00,105,0.0,21.2,991.9,1.0,7.5,5904
2024-05-28T13:00+00:00,1,0.1,12.4,929.3,0.0,1.7,10200
2024-05-28T13:00+00:00,105,0.0,19.0,992.2,0.7,7.7,5904
2024-05-28T14:00+00:00,1,0.0,12.7,929.6,0.0,1.0,10200
2024-05-28T14:00+00:00,105,0.0,18.8,992.2,0.9,9.2,5904
2024-05-28T15:00+00:00,1,0.0,13.0,929.6,0.0,1.2,10200
2024-05-28T15:00+00:00,105,0.0,18.3,992.4,1.0,7.6,5904
2024-05-28T16:00+00:00,1,0.0,12.9,929.7,0.0,1.3,10200
2024-05-28T16:00+00:00,105,0.0,16.7,992.7,0.7,7.8,5904
2024-05-28T17:00+00:00,1,0.0,11.9,929.8,0.0,1.9,10200
2024-05-28T17:00+00:00,105,0.0,15.8,992.5,0.4,7.9,5904
2024-05-28T18:00+00:00,1,0.1,10.8,930.1,0.0,1.3,10200
2024-05-28T18:00+00:00,105,0.0,15.3,992.6,0.0,7.5,5904
2024-05-28T19:00+00:00,1,0.3,9.9,930.3,0.0,1.3,10200
2024-05-28T19:00+00:00,105,0.0,15.1,993.3,0.0,7.0,5904
2024-05-28T20:00+00:00,1,0.0,9.5,930.5,0.0,0.7,10200
2024-05-28T20:00+00:00,105,0.0,15.0,994.1,0.0,5.4,5904
2024-05-28T21:00+00:00,1,0.3,9.6,930.5,0.0,0.3,10200
2024-05-28T21:00+00:00,105,0.0,14.6,994.1,0.0,4.7,5904
2024-05-28T22:00+00:00,1,0.4,9.6,930.5,0.0,0.1,10200
2024-05-28T22:00+00:00,105,0.0,14.2,994.1,0.0,3.3,5904
2024-05-28T23:00+00:00,1,0.3,9.3,930.3,0.0,0.4,10200
2024-05-28T23:00+00:00,105,0.0,14.3,994.0,0.0,3.3,5904
2024-05-29T00:00+00:00,1,0.1,9.0,930.1,0.0,0.5,10200
2024-05-29T00:00+00:00,105,0.0,14.1,993.8,0.0,4.0,5904
2024-05-29T01:00+00:00,1,0.0,9.1,929.8,0.0,0.3,10200
2024-05-29T01:00+00:00,105,0.0,14.0,993.3,0.0,5.2,5904
2024-05-29T02:00+00:00,1,0.0,9.0,929.3,0.0,0.1,10200
2024-05-29T02:00+00:00,105,0.0,14.0,993.0,0.0,6.6,5904
2024-05-29T03:00+00:00,1,0.0,8.9,928.9,0.0,0.3,10200
2024-05-29T03:00+00:00,105,0.0,13.7,992.6,0.0,4.5,5904
2024-05-29T04:00+00:00,1,0.0,9.0,928.8,0.0,0.3,10200
2024-05-29T04:00+00:00,105,0.0,14.2,992.6,0.6,3.4,5904
2024-05-29T05:00+00:00,1,0.0,9.5,928.9,0.0,0.5,10200
2024-05-29T05:00+00:00,105,0.0,15.9,992.7,0.4,3.8,5904
2024-05-29T06:00+00:00,1,0.0,9.9,928.9,0.1,0.5,10200
2024-05-29T06:00+00:00,105,0.0,17.5,992.8,1.0,4.0,5904
2024-05-29T07:00+00:00,1,0.0,12.6,928.4,1.0,0.5,10200
2024-05-29T07:00+00:00,105,0.0,18.3,992.6,1.0,4.4,5904
2024-05-29T08:00+00:00,1,0.0,14.7,928.0,1.0,0.5,10200
2024-05-29T08:00+00:00,105,0.0,19.3,992.4,1.0,3.7,5904
2024-05-29T09:00+00:00,1,0.0,16.5,927.4,1.0,1.5,10200
2024-05-29T09:00+00:00,105,0.0,19.8,991.8,1.0,3.9,5904
2024-05-29T10:00+00:00,1,0.0,17.2,926.8,1.0,1.7,10200
2024-05-29T10:00+00:00,105,0.0,20.9,991.2,1.0,3.6,5904
2024-05-29T11:00+00:00,1,0.0,18.8,926.0,1.0,1.1,10200
2024-05-29T11:00+00:00,105,0.0,21.5,990.5,0.7,3.3,5904
2024-05-29T12:00+00:00,1,0.0,19.1,925.4,1.0,1.8,10200
2024-05-29T12:00+00:00,105,0.0,21.5,989.9,0.7,3.3,5904
2024-05-29T13:00+00:00,1,0.0,18.8,924.8,0.4,0.9,10200
2024-05-29T13:00+00:00,105,0.0,22.6,989.2,0.8,2.6,5904
2024-05-29T14:00+00:00,1,0.0,19.0,924.1,0.5,2.8,10200
2024-05-29T14:00+00:00,105,0.0,22.8,988.3,1.0,3.8,5904
2024-05-29T15:00+00:00,1,0.0,19.7,923.5,0.7,1.4,10200
2024-05-29T15:00+00:00,105,0.0,22.5,987.7,1.0,3.9,5904
2024-05-29T16:00+00:00,1,0.0,20.3,923.1,0.9,0.9,10200
2024-05-29T16:00+00:00,105,0.0,22.6,987.1,1.0,3.9,5904
2024-05-29T17:00+00:00,1,0.0,17.6,923.0,0.9,1.0,10200
2024-05-29T17:00+00:00,105,0.0,21.4,986.9,1.0,3.5,5904
2024-05-29T18:00+00:00,1,0.0,15.7,923.2,0.0,2.6,10200
2024-05-29T18:00+00:00,105,0.0,19.5,986.7,1.0,2.5,5904
2024-05-29T19:00+00:00,1,0.0,14.1,923.7,0.0,2.8,10200
2024-05-29T19:00+00:00,105,0.0,17.8,986.9,0.1,3.0,5904
2024-05-29T20:00+00:00,1,0.0,12.8,924.0,0.0,1.4,10200
2024-05-29T20:00+00:00,105,0.0,15.8,987.0,0.0,3.0,5904
2024-05-29T21:00+00:00,1,0.0,11.6,924.0,0.0,0.8,10200
2024-05-29T21:00+00:00,105,0.0,15.9,986.8,0.0,3.0,5904
2024-05-29T22:00+00:00,1,0.0,10.5,923.8,0.0,0.5,10200
2024-05-29T22:00+00:00,105,0.0,15.8,986.6,0.0,3.2,5904
2024-05-29T23:00+00:00,1,0.0,10.0,923.6,0.0,0.3,10200
2024-05-29T23:00+00:00,105,0.0,15.2,986.0,0.0,3.0,5904
2024-05-30T00:00+00:00,1,0.0,9.2,923.1,0.0,0.3,10200
2024-05-30T00:00+00:00,105,0.0,15.2,985.5,0.0,3.0,5904
2024-05-30T01:00+00:00,1,0.0,8.1,922.6,0.0,0.1,10200
2024-05-30T01:00+00:00,105,0.0,13.7,985.0,0.0,2.3,5904
2024-05-30T02:00+00:00,1,0.0,7.5,922.3,0.0,0.3,10200
2024-05-30T02:00+00:00,105,0.0,12.6,984.6,0.0,1.1,5904
2024-05-30T03:00+00:00,1,0.0,7.0,922.0,0.0,0.3,10200
2024-05-30T03:00+00:00,105,0.0,11.9,984.1,0.0,0.8,5904
2024-05-30T04:00+00:00,1,0.0,6.9,921.8,0.0,0.2,10200
2024-05-30T04:00+00:00,105,0.0,12.4,984.0,0.4,0.5,5904
2024-05-30T05:00+00:00,1,0.0,9.4,921.3,0.9,0.5,10200
2024-05-30T05:00+00:00,105,0.0,15.4,983.8,1.0,1.2,5904
2024-05-30T06:00+00:00,1,0.0,10.7,920.8,0.3,0.6,10200
2024-05-30T06:00+00:00,105,0.0,17.7,983.5,1.0,1.3,5904
2024-05-30T07:00+00:00,1,0.0,13.7,920.1,1.0,0.6,10200
2024-05-30T07:00+00:00,105,0.0,19.8,983.0,1.0,1.0,5904
2024-05-30T08:00+00:00,1,0.0,16.1,919.7,0.7,0.7,10200
2024-05-30T08:00+00:00,105,0.0,21.0,982.8,1.0,1.3,5904
2024-05-30T09:00+00:00,1,0.0,18.6,919.2,0.6,0.2,10200
2024-05-30T09:00+00:00,105,0.0,22.3,982.5,1.0,1.4,5904
2024-05-30T10:00+00:00,1,0.0,18.9,918.9,0.7,0.5,10200
2024-05-30T10:00+00:00,105,0.0,23.2,982.1,1.0,2.2,5904
2024-05-30T11:00+00:00,1,0.0,19.9,918.2,0.5,0.8,10200
2024-05-30T11:00+00:00,105,0.0,24.0,981.6,0.9,2.0,5904
2024-05-30T12:00+00:00,1,0.5,15.4,919.0,0.0,2.0,10200
2024-05-30T12:00+00:00,105,0.0,24.1,980.8,0.9,1.9,5904
2024-05-30T13:00+00:00,1,1.9,14.4,919.3,0.0,1.1,10200
2024-05-30T13:00+00:00,105,0.0,24.0,980.4,0.8,1.8,5904
2024-05-30T14:00+00:00,1,2.8,14.0,919.0,0.0,0.3,10200
2024-05-30T14:00+00:00,105,0.0,22.0,980.7,0.0,1.2,5904
2024-05-30T15:00+00:00,1,0.5,14.3,918.7,0.0,0.8,10200
2024-05-30T15:00+00:00,105,0.0,17.7,981.1,0.0,7.5,5904
2024-05-30T16:00+00:00,1,0.0,15.0,918.1,0.1,0.4,10200
2024-05-30T16:00+00:00,105,0.5,16.9,980.5,0.0,4.0,5904
2024-05-30T17:00+00:00,1,0.0,13.9,918.0,0.9,0.6,10200
2024-05-30T17:00+00:00,105,0.1,17.3,980.6,0.0,1.5,5904
2024-05-30T18:00+00:00,1,0.0,12.7,918.2,0.0,2.2,10200
2024-05-30T18:00+00:00,105,0.0,16.8,980.5,0.0,1.1,5904
2024-05-30T19:00+00:00,1,0.0,11.9,918.2,0.0,1.4,10200
2024-05-30T19:00+00:00,105,0.0,16.0,981.0,0.0,0.9,5904
2024-05-30T20:00+00:00,1,0.0,11.1,918.5,0.0,0.9,10200
2024-05-30T20:00+00:00,105,0.0,15.8,980.8,0.0,0.7,5904
2024-05-30T21:00+00:00,1,0.0,10.5,918.5,0.0,0.5,10200
2024-05-30T21:00+00:00,105,0.0,15.8,980.7,0.0,1.4,5904
2024-05-30T22:00+00:00,1,0.0,10.1,918.7,0.0,0.7,10200
2024-05-30T22:00+00:00,105,0.0,14.3,981.0,0.0,1.4,5904
2024-05-30T23:00+00:00,1,0.0,10.2,918.8,0.0,0.5,10200
2024-05-30T23:00+00:00,105,0.0,13.6,981.1,0.0,0.3,5904
2024-05-31T00:00+00:00,1,0.0,9.9,918.5,0.0,0.4,10200
2024-05-31T00:00+00:00,105,0.0,13.6,981.2,0.0,0.7,5904
2024-05-31T01:00+00:00,1,0.0,9.8,918.5,0.0,0.6,10200
2024-05-31T01:00+00:00,105,0.0,13.5,981.5,0.0,1.5,5904
2024-05-31T02:00+00:00,1,0.0,9.5,918.5,0.0,0.8,10200
2024-05-31T02:00+00:00,105,0.0,13.3,981.3,0.0,0.4,5904
2024-05-31T03:00+00:00,1,0.0,9.4,917.9,0.0,0.6,10200
2024-05-31T03:00+00:00,105,0.0,13.8,981.3,0.0,1.3,5904
2024-05-31T04:00+00:00,1,0.0,9.4,918.0,0.0,0.7,10200
2024-05-31T04:00+00:00,105,0.0,14.1,981.3,0.0,1.8,5904
2024-05-31T05:00+00:00,1,0.0,9.5,918.0,0.0,0.5,10200
2024-05-31T05:00+00:00,105,0.0,15.4,981.2,0.0,2.2,5904
2024-05-31T06:00+00:00,1,0.1,9.8,918.1,0.0,0.6,10200
2024-05-31T06:00+00:00,105,0.0,15.5,981.6,0.0,0.9,5904
2024-05-31T07:00+00:00,1,0.1,10.3,918.0,0.0,0.7,10200
2024-05-31T07:00+00:00,105,0.0,15.9,981.8,0.0,1.1,5904
2024-05-31T08:00+00:00,1,1.5,10.4,918.2,0.0,0.3,10200
2024-05-31T08:00+00:00,105,0.0,16.8,982.1,0.0,1.2,5904
2024-05-31T09:00+00:00,1,1.2,11.4,918.0,0.0,0.4,10200
2024-05-31T09:00+00:00,105,0.0,17.6,982.1,0.0,1.3,5904
2024-05-31T10:00+00:00,1,2.9,11.9,917.8,0.0,0.5,10200
2024-05-31T10:00+00:00,105,0.0,17.7,982.3,0.0,1.5,5904
2024-05-31T11:00+00:00,1,0.1,13.5,917.6,0.0,0.3,10200
2024-05-31T11:00+00:00,105,1.3,16.9,982.3,0.0,2.1,5904
2024-05-31T12:00+00:00,1,1.6,12.9,917.4,0.0,0.6,10200
2024-05-31T12:00+00:00,105,0.5,17.3,982.2,0.0,2.0,5904
2024-05-31T13:00+00:00,1,3.3,12.3,917.0,0.0,0.9,10200
2024-05-31T13:00+00:00,105,0.2,17.9,981.5,0.0,2.5,5904
2024-05-31T14:00+00:00,1,4.0,12.7,917.0,0.0,1.3,10200
2024-05-31T14:00+00:00,105,0.0,19.5,981.1,0.2,1.0,5904
2024-05-31T15:00+00:00,1,0.2,14.8,917.0,0.1,0.5,10200
2024-05-31T15:00+00:00,105,0.0,18.7,980.7,0.1,2.1,5904
2024-05-31T16:00+00:00,1,0.0,14.4,916.9,0.0,0.4,10200
2024-05-31T16:00+00:00,105,3.8,17.3,980.6,0.0,1.8,5904
2024-05-31T17:00+00:00,1,0.1,14.3,917.1,0.1,0.5,10200
2024-05-31T17:00+00:00,105,2.5,17.2,980.6,0.0,0.2,5904
2024-05-31T18:00+00:00,1,0.0,12.8,917.5,0.0,1.7,10200
2024-05-31T18:00+00:00,105,0.0,17.2,980.7,0.0,1.5,5904
2024-05-31T19:00+00:00,1,0.0,12.6,917.9,0.0,1.8,10200
2024-05-31T19:00+00:00,105,0.0,17.0,981.1,0.0,1.3,5904
2024-05-31T20:00+00:00,1,0.2,12.4,918.4,0.0,0.5,10200
2024-05-31T20:00+00:00,105,0.0,17.0,981.3,0.0,0.9,5904
2024-05-31T21:00+00:00,1,1.7,12.3,918.0,0.0,0.2,10200
2024-05-31T21:00+00:00,105,22.7,14.4,981.1,0.0,4.6,5904
2024-05-31T22:00+00:00,1,2.9,11.6,918.1,0.0,0.1,10200
2024-05-31T22:00+00:00,105,3.6,13.7,981.8,0.0,2.4,5904
2024-05-31T23:00+00:00,1,0.0,10.9,918.0,0.0,0.9,10200
2024-05-31T23:00+00:00,105,0.0,13.4,981.7,0.0,1.2,5904
2024-06-01T00:00+00:00,1,0.0,10.9,918.0,0.0,0.9,10200
2024-06-01T00:00+00:00,105,0.0,12.8,981.9,0.0,2.3,5904
